rssi,request_count,device_type,manufacturer_known,attack
-44,6,5,1,0
-58,0,2,0,0
-81,3,2,1,0
-87,0,4,0,0
-49,1,2,1,0
-78,5,5,0,0
-70,3,1,0,1
-85,7,5,1,0
-61,3,1,1,0
-45,3,5,1,0
-83,3,4,0,0
-34,3,4,0,0
-26,3,1,1,0
-38,4,2,1,0
-95,3,3,0,0
-27,2,5,1,0
-60,0,4,1,0
-57,4,2,1,0
-94,6,1,1,0
-60,2,5,0,0
-30,5,3,1,0
-37,4,2,0,0
-32,4,5,1,0
-59,8,2,1,0
-64,4,1,1,0
-54,9,3,1,0
-74,0,1,1,0
-91,3,2,0,0
-34,4,1,1,0
-80,2,1,0,0
-49,2,4,0,0
-73,7,5,0,0
-94,1,2,1,0
-35,6,1,1,0
-62,5,4,0,0
-32,4,5,0,0
-73,4,4,1,0
-87,7,4,1,0
-57,0,5,0,0
-87,2,2,1,0
-67,1,5,0,0
-77,0,4,1,0
-57,6,3,1,0
-77,7,4,0,0
-60,3,1,1,0
-67,0,5,1,0
-40,4,3,1,0
-95,0,5,1,0
-43,3,4,0,0
-64,0,3,1,0
-42,5,3,0,0
-58,0,4,0,0
-91,4,2,0,0
-73,0,1,1,0
-64,1,5,0,0
-91,2,1,1,0
-40,3,5,1,0
-40,6,3,1,0
-58,2,4,0,0
-71,6,1,1,0
-90,5,4,1,0
-72,3,4,0,0
-45,7,4,0,0
-32,0,2,1,0
-94,3,1,1,0
-46,3,4,1,0
-82,6,2,1,0
-82,4,3,1,0
-29,5,4,1,0
-69,2,1,0,0
-49,5,2,0,0
-60,3,2,1,0
-83,2,3,1,0
-28,2,2,0,0
-56,4,1,1,0
-56,4,2,1,0
-62,1,1,1,0
-63,1,4,1,0
-33,4,5,1,0
-80,0,2,1,0
-92,2,4,1,0
-88,2,5,1,0
-29,6,2,0,0
-73,6,4,1,0
-87,3,1,1,0
-87,1,5,0,0
-54,7,1,1,0
-79,3,3,0,0
-67,2,5,1,0
-76,3,1,0,0
-35,3,4,1,0
-79,8,1,1,0
-37,6,5,1,0
-37,3,4,1,0
-53,2,5,1,0
-63,3,3,0,1
-67,6,3,1,0
-28,3,4,0,0
-35,9,5,1,0
-39,5,1,0,0
-83,3,4,1,0
-54,1,5,0,0
-59,1,5,1,0
-56,11,4,0,0
-38,1,2,1,0
-84,1,1,1,0
-36,0,3,1,0
-33,4,1,1,0
-46,5,3,0,1
-50,6,4,1,0
-40,4,4,1,0
-61,1,4,0,0
-43,2,4,1,0
-81,0,1,0,0
-94,2,3,1,0
-55,1,4,1,0
-64,3,2,1,0
-81,4,1,1,0
-64,10,3,0,0
-82,0,5,1,0
-51,4,3,0,0
-89,6,4,0,0
-30,7,1,0,0
-54,4,1,1,0
-79,2,3,1,0
-86,3,3,1,0
-59,4,5,1,0
-45,2,3,1,0
-73,0,2,0,0
-67,8,1,0,0
-50,4,1,1,0
-65,7,1,0,0
-81,6,2,1,0
-70,2,4,1,0
-26,6,3,0,0
-77,0,4,1,0
-60,5,1,1,0
-60,1,5,1,0
-87,4,3,1,0
-78,3,1,0,0
-48,0,5,1,0
-94,5,2,1,0
-60,0,1,1,0
-36,3,2,1,0
-38,7,5,1,0
-41,4,4,1,0
-73,4,1,1,0
-82,0,1,1,0
-44,2,4,1,0
-51,4,2,0,0
-86,3,1,1,0
-75,1,4,0,0
-78,2,3,0,0
-62,2,1,1,0
-89,1,4,1,0
-46,1,5,0,0
-41,3,2,0,0
-83,0,4,1,0
-41,3,3,0,0
-58,3,2,1,0
-86,6,5,0,0
-31,3,3,0,1
-91,9,2,0,0
-88,5,1,1,0
-86,8,1,0,0
-74,5,4,1,0
-83,3,3,0,0
-83,1,3,0,0
-74,7,2,1,0
-91,6,3,0,0
-83,6,4,0,0
-26,5,1,0,0
-92,2,2,1,0
-36,4,5,1,0
-48,2,4,1,0
-51,4,2,1,0
-35,7,5,1,0
-47,3,4,1,0
-66,2,2,0,0
-26,2,1,1,0
-81,1,5,0,0
-82,5,4,0,0
-46,3,5,1,0
-55,4,2,1,0
-57,1,3,1,0
-89,4,4,1,0
-56,4,1,0,0
-57,7,4,0,0
-87,6,3,1,0
-63,3,5,1,0
-77,7,3,1,0
-28,4,2,0,0
-85,5,2,0,0
-44,6,3,1,0
-80,0,4,0,0
-33,3,4,1,0
-57,4,4,0,0
-77,3,1,0,0
-54,6,3,0,0
-55,3,1,0,0
-85,5,1,0,0
-88,4,5,1,0
-67,1,3,1,0
-58,0,2,1,0
-31,6,1,0,0
-53,3,1,0,0
-55,3,3,0,0
-95,7,5,1,0
-78,2,4,1,0
-81,7,5,1,0
-80,6,1,0,0
-72,5,2,0,0
-52,6,2,0,0
-28,0,3,0,0
-85,3,4,0,0
-66,0,3,0,0
-45,0,5,1,0
-61,7,5,1,0
-43,3,4,0,0
-28,2,3,1,0
-72,6,3,0,0
-85,2,5,1,0
-50,3,2,1,0
-34,7,4,1,0
-51,8,2,1,0
-53,9,5,0,0
-36,4,3,0,0
-36,0,2,1,0
-36,2,3,0,0
-57,6,2,1,0
-44,4,4,0,0
-84,2,1,0,0
-55,6,4,1,0
-83,4,4,1,0
-86,2,4,1,0
-75,5,3,1,0
-83,7,5,0,0
-88,5,3,1,0
-42,0,1,0,0
-71,8,4,0,0
-38,1,5,0,0
-89,3,4,1,0
-88,3,4,1,0
-52,5,4,1,0
-71,3,1,1,0
-42,2,2,0,0
-35,8,4,1,0
-46,7,3,0,0
-70,0,5,1,0
-30,7,4,1,0
-52,0,4,0,0
-48,5,2,1,0
-69,2,1,1,0
-43,0,1,0,0
-74,4,4,1,0
-70,3,3,1,0
-28,4,2,1,0
-47,3,1,1,0
-26,0,3,1,0
-28,7,3,0,0
-49,8,3,0,0
-85,7,1,0,0
-30,7,4,0,0
-47,6,2,0,0
-61,0,3,1,0
-47,4,4,1,0
-74,6,1,0,0
-91,3,1,1,0
-30,6,5,0,0
-33,2,5,0,0
-47,0,4,1,0
-70,1,4,1,0
-30,2,1,1,0
-94,2,4,1,0
-68,5,1,1,0
-46,6,2,1,0
-53,3,4,0,0
-27,3,2,0,0
-58,1,3,1,0
-90,4,2,0,0
-56,2,3,1,0
-89,2,2,1,0
-67,2,5,1,0
-28,0,2,1,0
-41,3,5,0,0
-61,2,4,0,0
-79,8,3,0,0
-60,1,3,0,0
-72,6,3,1,0
-48,8,2,1,0
-34,5,4,1,0
-40,5,1,1,0
-48,0,4,1,0
-47,1,3,1,0
-36,3,1,0,0
-35,0,2,1,0
-57,3,3,0,0
-90,10,3,0,0
-94,2,2,1,0
-34,5,5,1,0
-43,2,4,0,0
-74,1,2,1,0
-37,5,5,0,0
-76,7,5,0,0
-37,1,2,1,0
-41,7,4,1,0
-85,8,3,1,0
-69,6,2,1,0
-92,0,2,0,0
-37,4,4,0,0
-56,3,3,0,0
-40,5,1,1,0
-76,7,4,0,0
-46,0,3,0,0
-40,1,5,0,0
-32,3,5,1,0
-72,0,1,1,0
-87,7,4,0,0
-33,3,5,1,0
-90,7,4,0,0
-93,7,3,1,0
-37,4,4,0,0
-47,3,2,1,0
-88,4,2,1,0
-66,4,3,1,0
-43,0,1,1,0
-87,4,3,1,0
-79,5,1,0,0
-47,3,3,0,0
-58,7,4,1,0
-40,5,4,0,0
-40,8,2,1,0
-29,3,2,1,0
-84,3,1,1,0
-34,5,1,0,0
-49,0,3,1,0
-29,4,2,1,0
-40,2,4,1,0
-57,5,2,0,0
-95,0,5,1,0
-88,0,1,0,0
-61,5,5,1,0
-62,0,2,1,0
-82,4,3,0,0
-64,3,2,0,0
-83,3,4,1,0
-68,4,4,1,0
-39,0,5,1,1
-40,3,4,0,0
-33,3,5,1,0
-61,7,1,1,0
-73,3,1,1,0
-38,1,2,0,0
-75,3,3,0,0
-80,0,2,1,0
-94,3,4,1,0
-79,0,2,1,0
-59,5,5,0,0
-60,2,3,1,0
-34,4,4,1,0
-87,2,2,0,0
-54,4,5,1,0
-43,4,3,1,0
-70,5,2,1,0
-77,7,2,1,0
-58,2,1,1,0
-54,2,2,0,0
-84,1,4,1,0
-45,6,5,0,0
-78,4,5,1,0
-63,4,3,1,1
-26,3,5,0,0
-53,0,3,0,0
-64,7,4,0,0
-95,1,5,0,0
-76,3,3,0,0
-27,11,3,0,0
-54,4,3,1,0
-85,1,1,1,0
-37,3,4,0,0
-50,12,2,1,0
-70,2,3,1,0
-51,1,4,0,0
-89,2,1,0,0
-92,5,1,0,0
-72,1,3,0,0
-92,6,4,1,0
-43,6,3,1,0
-66,3,5,1,0
-52,2,3,0,0
-28,7,4,1,1
-47,4,3,0,0
-81,1,5,0,0
-58,2,5,1,0
-29,7,1,0,0
-40,8,1,0,0
-68,2,3,1,0
-28,1,5,0,0
-30,6,3,1,0
-70,5,4,1,0
-77,1,5,1,0
-74,5,3,1,0
-78,5,3,0,0
-90,3,4,0,0
-79,2,5,0,0
-93,3,5,0,0
-95,1,1,0,0
-73,4,2,1,0
-75,3,4,1,1
-81,4,5,1,0
-78,0,1,1,0
-87,0,5,0,0
-44,2,5,1,0
-46,3,3,0,0
-32,3,1,0,0
-41,4,3,0,0
-54,5,1,1,0
-68,7,1,1,0
-40,6,1,0,0
-37,5,5,1,0
-72,2,2,1,0
-93,5,2,1,0
-65,1,5,1,0
-35,6,5,1,0
-27,2,1,1,0
-87,6,5,0,0
-64,5,1,0,0
-53,3,3,1,0
-89,3,3,0,0
-40,1,3,1,0
-36,4,1,1,0
-29,2,5,0,0
-75,5,2,1,1
-37,0,3,1,0
-84,3,2,0,0
-69,0,1,1,0
-58,5,1,0,0
-90,3,2,1,0
-55,5,5,0,0
-74,1,1,0,0
-94,6,2,1,0
-41,4,1,0,0
-92,2,3,0,0
-70,7,3,1,0
-44,3,1,1,0
-38,5,1,1,0
-33,2,2,1,0
-70,1,5,1,0
-94,6,4,0,0
-45,5,3,0,0
-59,1,5,1,0
-61,3,2,1,0
-34,4,1,1,0
-94,1,1,1,0
-88,3,5,1,0
-75,0,1,0,0
-35,5,3,0,0
-26,2,1,1,0
-70,6,2,0,0
-61,6,1,1,0
-28,2,2,1,0
-66,0,4,1,0
-94,1,4,0,0
-36,1,2,1,0
-89,5,5,1,0
-56,2,4,0,0
-27,7,1,1,0
-53,1,4,1,0
-60,8,4,1,0
-46,1,2,0,0
-61,3,4,1,0
-94,6,1,1,0
-81,8,2,1,0
-73,4,4,1,0
-52,1,2,1,0
-27,5,1,0,0
-39,2,1,1,0
-60,5,4,0,0
-49,2,3,1,0
-41,0,3,0,0
-30,8,3,1,0
-57,5,5,1,0
-84,3,3,0,0
-31,2,2,1,0
-78,5,1,1,0
-45,8,4,0,0
-95,4,2,1,0
-79,3,5,1,0
-52,5,1,1,0
-92,3,1,0,0
-72,5,5,1,0
-69,2,3,1,0
-41,7,2,0,0
-51,0,5,1,0
-62,0,1,0,0
-46,5,2,1,0
-59,4,2,0,0
-52,0,3,1,0
-51,6,5,1,0
-77,5,1,1,0
-75,2,3,1,0
-65,5,2,0,0
-36,8,2,1,0
-91,3,5,1,0
-75,8,5,0,0
-32,7,5,0,0
-68,2,1,1,0
-91,6,1,0,0
-38,4,4,1,0
-95,2,4,0,0
-72,2,1,0,0
-28,5,3,1,0
-47,3,4,0,0
-36,4,3,0,0
-43,0,4,1,0
-57,1,3,1,0
-94,7,4,1,0
-84,6,1,0,0
-71,4,1,0,0
-82,4,4,1,0
-28,3,5,1,0
-64,3,2,1,0
-71,4,2,0,0
-27,3,3,1,0
-72,5,5,0,0
-39,5,2,1,0
-46,2,3,1,0
-80,3,5,0,0
-78,6,2,1,0
-69,4,2,1,0
-74,4,4,1,0
-45,2,1,1,0
-91,2,1,0,0
-48,4,3,0,1
-58,5,2,0,0
-31,6,5,0,0
-30,4,5,1,1
-51,7,1,0,0
-84,4,4,1,0
-63,4,1,0,0
-49,2,2,1,0
-27,2,3,0,0
-73,0,2,1,0
-77,7,5,1,0
-26,1,5,1,0
-89,3,1,0,0
-69,5,1,1,0
-51,2,2,1,0
-67,3,2,0,0
-87,4,3,0,0
-59,2,2,0,0
-68,0,3,1,0
-29,2,3,1,0
-46,3,5,0,0
-53,2,2,0,0
-89,1,5,0,0
-56,5,5,1,0
-61,8,2,0,0
-56,0,4,0,0
-71,7,3,0,0
-62,5,3,0,0
-77,3,1,1,0
-42,11,5,1,0
-63,0,1,0,0
-43,4,5,0,0
-79,2,5,0,0
-83,0,1,0,0
-34,3,4,0,0
-65,7,2,1,0
-41,5,1,1,0
-73,4,2,1,0
-68,9,1,1,0
-69,4,5,0,0
-65,5,2,1,0
-53,1,1,0,0
-65,6,3,1,0
-59,4,2,1,0
-50,4,3,0,0
-78,7,1,1,0
-79,1,3,1,0
-80,3,4,1,0
-41,0,1,1,0
-84,6,1,0,0
-67,1,5,1,0
-26,0,3,1,0
-77,9,1,1,0
-44,1,5,0,0
-79,5,5,1,0
-70,1,4,0,0
-93,4,2,0,0
-72,5,1,1,0
-32,4,3,0,0
-59,0,5,1,0
-48,7,3,1,0
-83,7,3,1,0
-40,5,2,0,0
-70,1,1,1,0
-35,6,5,0,0
-41,5,5,1,0
-54,1,2,1,0
-64,6,1,1,0
-56,3,5,1,0
-59,2,2,1,0
-72,2,1,1,0
-61,6,1,1,0
-71,3,4,0,0
-55,7,4,1,0
-54,1,2,1,0
-81,5,1,0,0
-79,1,3,1,0
-86,3,1,1,0
-42,6,1,1,0
-83,4,3,1,0
-39,7,1,1,0
-26,5,5,0,0
-68,3,2,0,0
-41,1,3,1,0
-78,4,1,0,0
-88,3,3,0,0
-59,4,4,1,0
-52,7,2,0,0
-38,1,2,1,0
-81,2,4,0,0
-80,6,1,1,0
-81,3,3,0,0
-44,3,1,1,0
-41,2,1,0,0
-82,3,3,0,0
-66,3,5,0,0
-69,7,4,0,0
-76,7,1,0,0
-47,1,2,1,0
-95,1,5,0,0
-62,3,4,1,0
-32,5,2,0,0
-44,0,5,0,0
-26,0,2,1,0
-57,0,5,1,0
-87,0,5,0,0
-72,1,2,0,0
-26,3,5,1,0
-61,2,5,1,0
-77,7,1,1,0
-37,2,3,0,0
-51,6,2,1,0
-94,5,4,0,0
-88,3,5,0,0
-65,6,5,0,0
-72,3,3,0,0
-93,7,5,0,0
-33,1,1,0,0
-75,2,2,0,0
-32,0,4,1,0
-63,0,1,1,0
-49,5,3,0,0
-67,7,2,1,0
-50,1,1,0,0
-35,7,3,1,0
-50,5,1,1,0
-74,4,1,1,0
-38,3,5,1,0
-35,0,1,0,0
-83,3,2,1,0
-85,3,4,1,0
-90,7,3,1,0
-41,0,1,1,0
-53,0,5,0,0
-45,3,1,1,0
-37,0,5,1,0
-82,6,3,1,0
-36,6,1,1,0
-57,2,1,1,0
-55,0,1,1,0
-29,6,1,0,0
-44,5,1,1,0
-75,9,2,0,0
-72,4,5,1,0
-54,8,3,1,0
-32,6,3,1,0
-65,6,1,1,1
-34,6,3,1,0
-88,5,3,0,0
-41,5,1,0,0
-33,2,5,1,0
-40,6,3,1,0
-50,2,2,1,0
-41,2,2,1,0
-53,8,1,0,0
-77,10,5,0,0
-93,5,1,1,0
-77,5,3,1,0
-49,0,1,0,0
-36,2,2,1,0
-46,3,3,1,0
-36,3,3,1,0
-72,2,4,0,0
-60,0,5,1,0
-78,5,1,1,0
-74,1,5,0,0
-50,2,3,1,0
-75,4,1,0,0
-55,4,1,1,0
-40,4,2,1,0
-61,3,5,0,0
-34,6,3,1,0
-51,1,4,0,0
-30,5,1,0,0
-78,6,4,0,0
-70,2,1,1,0
-51,8,4,0,0
-71,6,1,1,0
-84,3,2,1,0
-82,1,5,1,0
-72,4,2,1,0
-60,2,2,1,0
-53,1,5,0,0
-66,1,1,1,0
-27,4,3,0,0
-55,8,2,1,0
-70,1,4,1,0
-30,5,1,0,0
-35,4,5,0,0
-86,2,5,1,0
-71,7,4,0,0
-75,0,1,0,0
-62,2,4,1,0
-39,2,3,1,0
-28,2,3,0,0
-33,4,3,1,0
-46,3,1,1,0
-85,1,1,1,0
-87,5,5,1,0
-35,3,1,0,0
-92,1,3,1,0
-77,2,3,0,0
-31,6,5,0,0
-32,0,5,0,0
-65,5,5,1,0
-90,2,1,0,0
-62,7,5,0,0
-61,1,5,1,0
-92,2,2,1,0
-27,3,4,1,1
-60,6,4,0,0
-76,2,1,0,0
-51,2,3,1,0
-54,4,4,1,0
-42,1,4,1,0
-77,9,5,0,0
-72,12,3,0,0
-63,4,3,1,0
-84,10,4,1,0
-82,3,2,1,0
-54,4,4,1,0
-74,1,3,1,0
-60,8,3,1,0
-49,10,2,0,0
-56,3,1,1,0
-93,0,4,1,0
-88,4,1,0,0
-80,7,3,0,0
-78,1,2,1,0
-49,2,5,0,0
-60,2,1,1,0
-42,4,2,0,0
-39,5,5,1,0
-88,7,1,0,0
-82,7,4,0,0
-47,5,5,1,0
-43,0,1,1,0
-92,4,1,0,0
-93,7,3,1,0
-51,7,2,1,0
-74,8,4,1,0
-36,3,5,0,0
-29,5,5,1,0
-84,6,2,0,0
-61,1,2,1,0
-86,1,3,1,0
-76,7,1,0,1
-29,4,1,1,0
-32,2,2,1,0
-52,6,4,1,0
-72,0,4,0,0
-68,2,2,1,0
-44,7,1,1,0
-75,5,3,1,0
-90,5,3,1,1
-61,2,2,1,0
-30,2,4,1,0
-56,3,1,1,0
-60,3,5,1,0
-43,9,5,0,0
-62,1,1,1,0
-47,0,5,0,0
-70,0,3,1,0
-78,2,5,1,0
-63,2,4,0,0
-62,0,2,1,0
-46,8,1,1,0
-83,3,3,1,0
-90,2,2,1,0
-35,4,3,1,0
-68,4,5,0,0
-91,5,5,1,0
-87,0,5,1,0
-89,7,3,1,0
-79,6,5,0,0
-62,7,1,0,0
-37,3,3,0,0
-58,0,3,1,0
-46,2,2,0,0
-29,4,3,1,0
-32,5,5,1,0
-32,3,5,0,0
-38,3,5,1,0
-36,5,1,1,0
-36,9,5,1,0
-85,7,1,1,0
-48,4,1,0,0
-54,5,5,1,0
-77,0,5,0,0
-91,3,3,1,1
-93,4,3,0,0
-95,3,4,1,0
-93,4,1,0,0
-64,4,4,1,0
-42,2,3,1,0
-90,1,2,1,0
-59,0,4,0,0
-58,2,3,0,0
-79,0,2,0,0
-80,4,1,1,0
-67,8,1,1,1
-29,3,5,0,0
-30,4,1,1,0
-40,6,1,1,0
-39,6,1,1,0
-53,5,2,0,0
-36,3,5,0,0
-46,7,3,1,0
-47,4,5,1,0
-43,4,4,1,0
-54,1,4,0,0
-42,1,5,0,0
-64,6,1,0,0
-48,4,4,0,0
-64,5,4,1,0
-63,1,4,0,0
-51,5,3,0,0
-48,2,5,0,0
-27,5,3,1,0
-84,3,4,1,0
-35,5,3,0,0
-52,2,3,0,0
-87,0,4,0,0
-91,1,1,1,0
-66,2,3,0,0
-56,2,2,1,0
-86,3,4,0,0
-74,6,5,0,0
-55,6,1,1,0
-49,6,2,1,0
-29,5,3,1,0
-43,11,3,0,0
-54,2,3,1,0
-70,1,5,0,0
-76,0,1,1,0
-82,4,1,0,0
-85,5,2,1,0
-45,5,5,1,0
-39,2,5,1,0
-53,0,2,0,0
-59,6,5,1,0
-84,2,2,1,0
-77,1,5,0,0
-46,1,1,1,0
-64,5,4,1,0
-71,7,2,1,0
-71,8,2,1,0
-31,6,3,1,0
-33,3,1,1,0
-50,1,5,0,0
-90,0,5,0,0
-38,5,2,1,0
-27,3,5,0,0
-69,5,3,1,0
-64,2,3,1,0
-74,8,3,0,0
-95,3,5,0,0
-84,0,5,0,0
-46,3,2,1,0
-55,7,2,1,0
-53,10,1,1,0
-64,3,5,1,0
-82,5,3,1,0
-52,2,3,1,0
-75,5,1,1,0
-94,6,3,1,0
-61,0,4,1,0
-42,0,5,1,0
-83,3,4,1,0
-49,7,2,0,0
-56,4,2,1,0
-83,5,2,0,0
-77,0,1,0,0
-64,0,2,0,0
-55,1,2,0,0
-27,7,4,1,0
-80,4,1,1,0
-32,1,3,0,0
-58,5,2,0,0
-88,6,4,1,0
-55,11,2,1,0
-51,8,3,1,0
-52,2,1,1,0
-59,4,3,0,0
-83,0,2,0,0
-54,2,5,0,0
-38,2,3,1,0
-84,6,3,0,0
-35,6,2,1,0
-63,3,2,1,0
-75,2,2,1,0
-60,5,2,1,0
-89,5,4,1,0
-90,5,1,1,0
-53,5,2,1,0
-45,2,3,1,0
-73,2,5,0,0
-72,3,3,1,0
-58,5,2,1,0
-80,4,1,0,1
-84,8,5,1,0
-42,2,1,0,0
-68,4,2,1,0
-78,0,3,0,0
-51,2,1,1,0
-41,1,5,1,0
-31,7,3,1,0
-66,0,1,0,0
-59,1,5,1,0
-41,5,2,0,0
-38,4,3,0,0
-75,6,2,1,0
-54,1,4,1,0
-39,0,4,0,0
-51,6,3,0,0
-44,5,4,1,0
-32,5,3,1,0
-53,5,5,1,0
-72,2,5,1,0
-87,5,4,1,0
-57,0,1,1,0
-34,3,5,1,0
-41,6,2,1,0
-49,4,4,0,0
-31,4,1,1,0
-91,2,3,1,0
-88,1,5,0,0
-67,1,5,1,0
-43,4,5,1,0
-48,1,5,1,0
-62,6,5,0,0
-95,2,2,1,0
-85,4,5,0,0
-61,7,1,0,0
-55,3,1,1,0
-81,5,2,1,0
-65,3,3,1,0
-79,4,2,0,0
-89,4,5,1,0
-76,2,4,0,0
-77,7,5,0,1
-82,5,2,1,0
-76,6,5,0,0
-60,0,2,1,0
-85,0,4,0,0
-95,7,2,1,0
-68,4,2,1,0
-68,5,3,1,0
-26,9,4,1,0
-33,8,2,0,0
-75,5,5,0,0
-39,2,4,1,0
-66,4,1,0,0
-63,2,1,1,0
-74,1,2,1,0
-28,6,5,1,0
-83,3,1,1,0
-82,7,1,1,0
-67,4,1,0,0
-39,6,1,1,0
-31,5,2,1,0
-66,0,4,0,0
-75,1,5,0,0
-60,2,5,0,0
-38,9,5,1,0
-72,4,4,0,0
-88,4,4,1,0
-95,3,4,0,0
-32,4,2,1,0
-41,6,3,0,0
-85,5,3,1,0
-58,5,5,0,0
-88,5,4,1,0
-42,7,5,1,0
-57,2,2,1,0
-73,2,4,1,0
-32,7,4,1,0
-30,2,3,0,0
-50,6,3,1,0
-74,4,5,0,1
-32,2,2,1,0
-74,3,2,1,0
-84,3,3,1,0
-35,4,4,0,0
-76,5,1,1,0
-34,5,3,1,0
-86,5,3,0,0
-36,7,3,0,0
-57,4,1,0,0
-28,1,1,0,0
-41,5,1,1,0
-81,3,2,0,0
-51,5,2,0,0
-95,4,3,0,0
-94,4,5,1,0
-51,5,1,1,0
-88,6,2,1,0
-38,8,1,1,0
-75,4,5,1,0
-57,2,3,0,0
-89,4,5,1,0
-81,4,1,1,0
-83,4,2,0,0
-57,0,4,1,0
-50,4,2,0,0
-26,7,2,0,0
-60,3,1,1,0
-81,6,1,1,0
-47,3,5,0,0
-87,3,2,0,0
-72,5,2,0,0
-83,4,1,1,0
-59,5,5,0,0
-95,1,5,1,0
-67,9,1,0,0
-78,3,1,1,0
-69,0,3,1,0
-91,0,5,1,0
-39,5,4,1,0
-29,1,5,1,0
-77,7,2,0,0
-65,7,2,1,0
-78,6,1,1,0
-81,4,1,1,1
-64,3,2,1,0
-38,7,1,1,0
-62,2,5,0,0
-89,3,3,1,0
-49,1,4,1,0
-78,6,2,1,0
-72,1,2,1,0
-64,1,2,1,1
-61,3,5,1,0
-28,7,1,1,0
-30,4,5,1,0
-93,3,1,1,0
-29,7,2,1,0
-87,1,2,1,0
-90,3,1,1,0
-48,3,3,1,0
-64,4,2,1,0
-50,6,2,1,0
-89,2,4,1,0
-56,0,3,0,0
-75,5,5,0,0
-60,0,4,0,0
-54,3,1,0,0
-86,5,5,1,0
-34,2,4,1,0
-29,2,1,1,0
-26,3,2,1,0
-89,1,1,1,0
-41,2,2,1,0
-95,5,4,1,0
-59,2,4,1,0
-87,2,2,0,0
-39,1,4,0,0
-34,1,3,1,0
-58,0,5,0,0
-57,10,4,1,0
-44,2,2,0,0
-33,5,4,1,0
-92,5,2,1,0
-77,4,3,1,0
-28,1,5,1,1
-73,0,5,0,0
-28,5,2,1,0
-72,5,1,0,0
-65,2,4,0,0
-81,8,2,1,0
-90,2,1,1,0
-71,6,1,0,0
-77,2,4,0,0
-45,0,2,0,0
-91,1,3,1,0
-75,6,2,1,0
-65,1,2,1,0
-58,0,4,0,0
-34,1,1,0,0
-71,1,2,0,0
-94,1,1,1,0
-40,2,4,1,0
-34,0,3,1,0
-45,3,1,0,0
-91,5,5,0,0
-51,2,4,0,0
-59,2,5,0,0
-70,6,4,1,0
-81,2,3,0,0
-77,0,4,1,0
-27,6,4,1,0
-93,8,5,1,0
-75,3,1,1,0
-59,2,4,0,0
-71,5,2,0,0
-70,1,3,1,0
-44,5,1,0,0
-58,5,5,0,0
-74,7,2,0,0
-51,5,2,1,0
-93,4,2,1,0
-67,3,3,1,0
-79,1,3,1,0
-81,5,4,0,0
-44,5,4,1,0
-95,3,5,1,0
-27,2,1,0,0
-46,2,3,1,0
-69,2,3,0,0
-42,4,5,1,0
-90,3,4,0,0
-44,1,4,1,0
-78,13,1,1,0
-93,5,5,1,0
-56,4,4,1,0
-31,5,2,1,0
-41,4,2,1,0
-91,8,2,1,0
-77,9,4,0,0
-40,0,4,0,0
-81,3,5,0,0
-89,4,3,1,0
-47,4,4,0,0
-71,4,3,1,0
-63,4,2,0,0
-29,5,5,0,0
-77,4,3,0,0
-62,1,1,1,0
-78,8,5,1,0
-29,1,2,0,0
-75,7,2,0,0
-44,3,2,1,0
-47,3,5,1,0
-30,4,1,1,0
-82,4,1,0,0
-78,6,4,1,1
-83,2,2,1,0
-28,1,4,1,0
-40,8,3,1,0
-39,2,1,0,0
-91,9,1,0,0
-93,3,3,1,0
-41,2,2,0,0
-44,2,3,0,0
-90,5,1,1,0
-47,3,3,1,0
-80,3,4,0,0
-87,5,1,0,0
-93,3,5,1,0
-72,7,2,0,0
-40,4,5,0,0
-92,1,2,1,0
-55,6,5,0,0
-79,5,1,1,0
-29,2,3,1,0
-65,0,2,0,0
-94,4,2,0,0
-88,8,2,1,0
-37,11,1,0,0
-81,9,1,0,0
-94,3,3,1,0
-83,3,5,1,0
-51,7,2,1,0
-68,3,4,0,0
-61,4,4,1,0
-65,3,2,1,0
-48,2,3,1,0
-46,7,2,0,0
-28,5,4,1,0
-69,3,2,1,0
-77,2,5,1,0
-90,4,1,1,0
-40,4,3,0,0
-71,5,3,0,0
-69,5,2,1,0
-94,1,1,1,0
-92,0,1,0,0
-65,1,1,0,0
-70,2,5,1,0
-28,9,2,0,0
-47,6,4,1,0
-38,0,5,0,0
-37,3,1,0,0
-52,2,1,1,0
-83,6,3,1,0
-91,0,2,1,0
-49,3,3,1,0
-38,0,5,1,0
-35,1,2,1,0
-59,7,2,0,0
-54,3,1,0,0
-90,0,1,1,0
-84,1,3,1,1
-42,5,4,1,0
-30,2,1,0,0
-43,4,2,0,0
-78,1,2,1,0
-68,3,1,1,0
-93,1,5,1,0
-48,4,2,1,0
-53,7,5,1,0
-43,1,4,1,0
-42,1,5,1,0
-60,6,5,1,0
-29,4,3,1,0
-79,3,2,1,0
-65,3,2,1,0
-56,4,5,1,0
-46,10,2,1,0
-76,3,4,1,0
-33,4,5,0,0
-62,5,5,1,0
-91,4,2,0,0
-78,4,5,1,0
-70,3,2,0,0
-95,3,3,0,0
-76,2,1,1,0
-46,2,5,0,0
-75,0,1,0,0
-66,6,4,0,0
-91,8,2,1,0
-91,0,1,0,0
-35,1,4,1,0
-81,0,2,1,0
-58,8,5,1,0
-40,6,1,0,0
-39,5,4,0,0
-43,3,2,1,0
-61,2,4,1,0
-63,3,2,0,0
-45,1,3,0,0
-76,7,2,1,0
-69,5,5,1,0
-48,1,2,1,0
-38,5,3,1,0
-89,0,5,1,0
-82,5,3,0,0
-87,3,2,1,0
-46,2,5,1,0
-42,4,3,1,0
-72,5,2,0,0
-95,5,3,1,0
-86,0,3,0,0
-61,8,3,1,0
-64,9,5,0,0
-89,4,3,0,0
-44,0,4,1,0
-56,8,1,0,0
-86,1,4,1,0
-84,4,1,0,0
-65,5,1,0,0
-73,5,5,1,0
-39,4,5,1,0
-81,4,1,0,0
-50,4,3,1,0
-80,1,5,1,0
-89,1,2,0,0
-29,0,4,0,0
-35,6,3,0,0
-59,8,3,1,0
-92,5,2,1,0
-32,6,4,1,0
-33,1,3,1,0
-79,3,4,1,0
-37,3,3,1,0
-73,6,5,1,0
-65,1,4,1,0
-42,2,2,1,0
-89,4,5,0,0
-33,4,4,1,0
-78,5,1,1,0
-95,5,3,0,0
-29,6,1,1,0
-31,9,5,1,0
-91,3,2,1,0
-62,1,2,0,0
-80,6,3,1,0
-52,2,5,0,0
-39,2,5,1,0
-82,12,5,1,0
-27,1,1,0,0
-65,1,5,0,0
-82,0,2,0,0
-36,6,5,1,0
-76,3,4,0,0
-42,5,5,0,0
-42,1,5,1,0
-47,0,3,1,0
-67,2,1,1,0
-64,0,4,1,0
-80,3,2,0,0
-66,2,4,0,0
-32,5,5,1,0
-67,2,4,0,0
-32,0,5,1,0
-28,8,4,1,0
-90,4,2,1,0
-83,4,3,1,0
-95,3,5,0,0
-34,2,5,1,0
-60,8,1,1,0
-44,7,3,0,0
-63,4,1,0,0
-76,2,4,0,0
-32,0,5,0,0
-64,0,2,1,0
-78,1,4,0,0
-26,3,3,0,0
-32,3,5,0,0
-60,0,2,0,0
-27,3,1,1,0
-63,3,5,1,0
-82,11,1,0,0
-55,5,5,0,0
-51,6,2,1,0
-48,1,1,1,0
-78,1,5,1,0
-51,3,5,1,0
-29,2,2,0,0
-70,7,3,1,0
-76,0,5,1,0
-90,2,1,0,0
-58,6,4,1,0
-33,3,2,0,0
-85,7,5,1,0
-32,6,1,0,0
-55,1,3,0,0
-28,1,1,1,0
-78,0,2,1,0
-90,1,4,0,0
-61,2,2,0,0
-31,0,2,1,0
-73,0,1,0,0
-48,7,1,1,0
-90,2,2,1,0
-69,4,4,0,0
-70,3,3,0,0
-90,4,2,0,0
-92,6,4,1,0
-55,7,1,0,0
-54,9,4,0,0
-45,7,2,0,0
-36,0,1,1,0
-88,2,3,1,0
-78,6,4,1,0
-88,6,5,1,0
-77,6,2,1,0
-50,5,1,0,0
-31,4,1,0,0
-92,3,5,0,0
-88,2,1,0,0
-42,3,2,1,0
-55,2,2,1,0
-77,5,5,1,0
-55,6,3,1,0
-77,4,4,1,0
-95,4,4,1,0
-31,1,3,1,0
-71,2,3,0,0
-34,9,3,0,0
-40,4,2,1,0
-75,0,3,0,0
-88,0,2,1,0
-71,4,3,1,0
-51,7,4,1,0
-47,6,1,0,0
-89,4,1,0,0
-74,3,3,0,0
-88,5,1,0,0
-74,1,4,1,0
-28,8,4,1,0
-60,1,1,0,0
-29,8,3,1,0
-38,4,3,1,0
-48,1,5,1,0
-82,6,1,1,0
-77,2,1,1,0
-50,1,3,0,0
-60,0,4,0,0
-60,4,1,1,0
-45,1,3,0,0
-92,1,4,1,0
-68,3,2,0,0
-49,1,2,0,0
-52,5,2,1,0
-74,3,5,1,0
-89,8,5,1,0
-29,0,5,0,0
-74,2,1,1,0
-57,4,3,0,0
-42,4,2,0,0
-28,6,1,1,0
-31,2,1,1,0
-46,1,3,0,0
-85,0,5,1,0
-67,5,4,1,0
-66,0,2,0,0
-60,0,5,0,0
-32,4,5,0,0
-73,0,2,1,0
-62,5,3,1,0
-77,3,2,0,0
-52,8,2,1,0
-38,3,4,1,0
-88,3,1,1,0
-31,2,5,0,0
-55,2,4,1,0
-91,3,4,1,0
-26,6,5,1,0
-44,6,2,0,0
-56,3,5,0,0
-90,6,5,1,0
-27,8,4,0,0
-63,7,2,0,0
-39,3,5,0,0
-60,3,5,1,0
-70,8,2,1,0
-44,3,5,1,0
-66,1,1,0,0
-50,3,1,1,0
-66,1,2,1,0
-37,3,5,1,0
-42,4,3,0,0
-40,0,2,1,0
-69,5,1,1,0
-52,8,2,0,0
-68,5,3,0,0
-91,5,2,0,0
-28,5,3,1,0
-57,2,3,1,0
-51,7,4,1,0
-57,5,4,1,0
-52,6,2,1,0
-57,4,2,0,0
-39,1,5,1,0
-81,7,1,1,0
-55,4,2,1,0
-41,2,5,1,0
-61,3,2,0,0
-26,2,1,1,0
-26,3,3,1,0
-42,3,2,0,0
-60,9,3,1,0
-80,1,3,1,0
-86,3,3,1,0
-62,10,2,1,0
-63,5,3,1,0
-68,6,3,0,0
-86,6,3,0,0
-33,8,4,0,0
-41,2,3,0,0
-46,3,3,1,0
-51,7,2,1,0
-95,4,1,0,0
-70,5,5,0,0
-41,3,4,1,0
-93,4,1,1,0
-61,3,5,0,0
-86,4,4,0,0
-68,4,5,1,0
-66,5,1,0,0
-62,2,4,0,0
-45,3,3,1,0
-93,5,1,1,0
-47,6,5,1,0
-60,0,5,1,0
-54,5,1,0,0
-94,2,1,1,0
-35,1,3,1,0
-81,8,2,1,0
-82,3,4,0,0
-51,3,4,1,0
-48,3,1,0,0
-93,5,3,0,0
-26,8,1,1,0
-90,8,1,0,0
-88,0,1,0,0
-35,3,3,1,0
-42,5,4,0,0
-66,6,3,1,0
-79,4,4,1,0
-80,0,3,1,0
-33,1,5,0,0
-72,5,5,1,0
-35,4,4,1,0
-47,1,4,1,0
-57,0,1,1,0
-77,0,5,0,0
-53,0,5,1,0
-94,2,1,1,1
-75,0,2,0,0
-78,4,5,1,0
-95,1,2,1,0
-29,2,2,0,0
-34,5,3,0,0
-73,3,3,1,1
-59,4,3,0,0
-33,5,4,1,0
-93,1,5,1,0
-90,2,2,1,0
-78,9,4,1,0
-95,5,1,0,0
-86,4,5,0,0
-50,7,2,1,0
-59,6,5,0,0
-36,0,3,0,0
-78,6,5,1,0
-94,2,1,0,0
-76,5,4,1,0
-88,0,5,0,0
-78,3,3,0,0
-77,8,1,0,1
-56,2,1,0,0
-56,6,3,0,0
-93,4,1,1,0
-44,2,1,1,0
-66,5,2,0,0
-80,1,1,1,0
-62,10,4,1,0
-63,2,2,1,0
-47,4,4,1,0
-56,6,4,1,0
-72,5,3,1,0
-81,1,1,1,0
-91,3,3,1,0
-78,6,2,1,0
-74,3,1,1,0
-38,6,2,0,0
-51,3,2,0,0
-71,1,1,1,0
-43,5,1,1,0
-75,5,5,0,0
-44,4,4,1,0
-37,4,3,1,0
-95,2,4,0,0
-71,2,5,1,0
-58,3,5,1,0
-88,7,4,0,0
-36,6,3,0,0
-83,7,2,0,0
-41,6,4,0,0
-76,2,5,1,0
-48,6,2,0,0
-63,10,1,0,0
-83,1,3,1,0
-82,4,5,1,0
-94,2,1,0,0
-86,5,3,0,0
-44,5,3,1,0
-42,6,1,0,0
-63,7,1,1,0
-38,1,3,0,0
-40,1,2,0,0
-38,6,5,0,0
-27,6,4,0,0
-39,0,1,0,0
-69,0,1,0,0
-46,0,4,1,0
-69,0,3,0,0
-85,7,5,0,0
-73,2,3,1,0
-43,1,1,1,0
-38,12,5,1,0
-38,5,4,1,0
-88,0,3,1,0
-74,6,2,0,0
-90,5,5,1,0
-83,6,4,0,0
-76,6,3,1,0
-40,6,3,1,0
-55,3,1,1,0
-80,3,5,1,0
-47,6,4,1,0
-61,2,3,0,0
-42,1,4,0,0
-36,5,4,1,0
-68,6,4,0,0
-46,2,3,1,0
-75,5,4,0,0
-35,3,1,0,0
-94,2,1,1,0
-85,4,5,1,0
-72,5,5,0,0
-29,3,3,0,0
-61,6,2,0,0
-77,6,5,1,0
-46,4,5,0,0
-67,3,5,0,0
-58,8,1,1,0
-51,5,5,0,0
-56,1,1,0,0
-54,4,4,0,0
-37,5,2,0,0
-93,1,3,0,0
-94,12,3,1,0
-79,4,1,1,0
-37,5,5,0,0
-58,1,5,0,0
-77,6,1,0,0
-87,8,3,1,0
-75,0,4,1,0
-83,5,4,0,0
-29,4,5,1,0
-53,5,4,1,0
-77,0,4,0,0
-45,6,5,0,0
-39,4,3,0,0
-55,11,5,0,0
-59,0,3,0,0
-80,3,4,0,0
-41,7,3,1,0
-67,7,3,1,0
-93,3,2,0,0
-60,8,1,1,0
-93,7,1,1,0
-61,6,5,1,0
-77,2,5,0,0
-45,7,1,1,0
-70,3,5,0,0
-43,4,1,1,0
-46,5,2,1,0
-76,6,4,1,0
-49,2,5,0,0
-79,7,2,1,0
-54,5,1,1,0
-88,0,2,1,0
-82,1,3,0,0
-59,0,5,0,0
-95,8,3,1,0
-42,2,1,0,0
-83,1,3,0,0
-62,2,1,1,0
-28,4,4,1,0
-61,6,2,0,0
-38,0,4,1,0
-34,6,4,1,0
-57,7,2,0,0
-50,4,5,1,0
-90,1,1,1,0
-55,3,2,1,0
-46,5,4,1,0
-93,1,3,1,0
-68,5,2,1,0
-73,1,5,1,0
-52,4,4,1,0
-48,3,2,0,0
-92,5,3,1,0
-73,3,5,1,0
-75,3,5,0,0
-69,1,4,0,0
-62,4,2,0,0
-50,6,1,0,0
-71,4,4,1,0
-71,3,5,1,0
-65,4,3,1,0
-67,5,5,1,0
-84,1,2,1,0
-81,7,5,0,0
-65,0,1,0,0
-55,5,5,1,0
-88,6,3,1,0
-86,3,3,0,0
-28,1,4,1,0
-64,4,5,0,0
-86,4,2,1,0
-60,7,1,1,0
-81,3,2,0,0
-73,3,4,0,0
-77,3,5,1,0
-62,8,5,1,0
-81,5,1,1,0
-55,7,1,0,0
-72,0,3,0,0
-38,4,4,1,0
-91,3,5,1,0
-36,3,1,1,0
-73,0,1,1,0
-29,7,4,1,0
-55,9,4,0,0
-38,4,2,0,0
-67,0,4,1,0
-43,8,1,1,0
-39,4,4,0,0
-31,2,1,0,0
-70,4,1,1,0
-65,1,3,1,0
-62,3,2,1,0
-88,2,4,0,0
-31,3,2,1,0
-43,1,3,0,0
-61,5,2,1,0
-61,0,2,1,0
-93,0,2,1,0
-57,1,5,1,0
-45,2,1,0,0
-69,4,2,0,0
-72,4,4,0,0
-62,1,1,1,0
-48,8,1,1,0
-91,4,4,1,0
-68,2,2,1,0
-94,4,4,1,0
-47,7,5,0,1
-59,3,4,1,0
-56,4,1,1,0
-74,6,1,1,0
-33,3,4,1,0
-73,7,2,0,0
-75,4,3,1,0
-48,2,4,0,0
-71,3,1,1,0
-84,1,2,0,0
-42,1,2,0,0
-40,7,4,1,0
-88,4,3,1,0
-45,1,4,0,0
-65,2,3,1,0
-90,7,5,0,0
-33,4,1,1,0
-67,5,5,1,0
-54,4,3,1,0
-81,4,1,0,0
-42,4,5,1,0
-61,0,5,0,0
-29,2,4,0,0
-28,2,4,1,0
-59,7,2,1,0
-26,0,3,1,0
-79,7,5,0,0
-29,3,4,0,0
-70,6,4,0,0
-63,1,2,0,0
-64,2,2,0,0
-41,4,1,1,0
-34,0,2,1,0
-94,4,2,0,0
-55,10,4,1,0
-59,5,2,0,0
-67,4,4,1,0
-90,1,1,1,0
-39,7,3,1,0
-70,6,5,1,0
-86,9,2,1,0
-71,3,3,0,0
-33,5,3,0,0
-88,5,1,1,0
-79,0,2,1,0
-63,8,3,0,0
-89,5,5,0,0
-94,3,4,1,0
-73,6,2,1,0
-58,0,4,0,0
-55,6,2,1,0
-45,5,3,0,0
-27,6,5,1,0
-72,5,4,1,0
-33,5,1,1,0
-44,1,1,1,0
-41,4,4,1,0
-78,2,2,0,0
-32,3,3,1,0
-76,2,1,0,1
-38,4,4,0,0
-57,2,4,0,0
-84,5,1,1,0
-28,0,2,1,0
-35,4,3,1,0
-38,4,2,0,0
-32,3,1,1,0
-27,2,4,1,0
-47,6,3,1,0
-27,2,4,1,0
-52,3,4,1,0
-64,4,5,0,0
-59,4,1,1,0
-65,9,1,1,0
-59,5,3,0,1
-81,0,4,1,0
-73,3,3,1,0
-52,4,5,1,0
-74,7,3,0,0
-85,4,5,1,0
-75,4,5,0,0
-45,2,2,0,0
-70,3,3,1,0
-69,2,3,1,0
-81,8,1,0,0
-58,9,2,1,0
-95,1,4,1,0
-37,5,5,0,0
-57,7,5,0,0
-67,5,5,0,0
-67,2,5,0,0
-59,4,1,1,0
-31,4,2,1,0
-93,4,4,0,0
-47,5,1,1,1
-53,3,3,1,0
-71,5,5,1,0
-48,3,4,1,0
-43,1,5,1,0
-46,1,2,0,0
-66,2,2,1,0
-84,2,4,0,0
-51,8,1,0,0
-47,2,5,0,0
-82,2,4,0,0
-36,4,5,1,0
-34,4,1,1,0
-78,1,4,0,0
-91,6,3,1,0
-94,3,2,1,0
-63,1,1,1,0
-54,1,3,1,0
-91,5,2,0,0
-63,0,5,1,0
-86,3,5,0,0
-94,3,3,0,0
-75,0,1,0,0
-64,6,2,1,0
-53,7,5,1,0
-79,4,1,0,0
-72,6,2,0,0
-85,4,4,1,0
-94,2,2,1,0
-64,1,3,1,0
-49,0,2,1,0
-53,3,4,1,0
-78,2,2,1,0
-56,10,1,1,0
-41,0,2,1,0
-62,3,5,1,0
-44,0,4,0,0
-49,5,4,0,0
-95,4,4,1,0
-70,4,4,1,0
-55,1,3,0,0
-52,1,5,1,0
-55,5,3,0,0
-54,2,4,0,0
-61,3,3,1,0
-75,4,3,0,0
-59,4,5,0,0
-77,6,5,0,0
-32,7,5,1,0
-67,7,1,1,0
-78,3,4,0,0
-32,2,4,1,0
-63,1,2,1,0
-62,4,1,0,0
-81,3,3,1,0
-65,0,5,0,0
-29,0,4,1,0
-63,7,1,0,0
-55,2,5,1,0
-90,3,3,1,0
-65,2,5,1,0
-82,4,3,0,0
-76,3,2,1,0
-27,6,2,0,0
-45,3,1,0,0
-47,6,2,1,0
-60,0,5,1,1
-72,4,4,0,0
-40,1,4,1,0
-26,1,3,1,0
-63,2,3,1,0
-33,6,4,1,0
-54,2,1,1,0
-74,6,1,0,0
-30,5,2,1,0
-92,8,2,0,0
-73,4,4,0,0
-53,4,2,1,0
-61,3,2,1,0
-40,3,2,1,0
-79,3,3,0,0
-53,3,2,0,0
-68,4,4,1,0
-70,4,4,0,0
-57,6,4,1,0
-51,2,5,0,0
-59,3,5,0,0
-92,4,4,1,0
-87,2,1,1,0
-26,5,5,0,0
-86,5,4,1,0
-74,5,4,0,0
-73,4,3,0,0
-95,2,3,0,0
-62,3,4,0,0
-35,5,5,0,0
-81,5,3,0,0
-36,4,4,0,0
-92,7,2,1,0
-95,2,4,1,0
-57,7,3,1,0
-61,0,5,0,0
-36,0,2,0,0
-85,3,5,0,0
-64,2,5,1,0
-64,1,1,0,0
-35,4,5,0,0
-67,2,1,1,0
-66,3,5,1,0
-76,0,3,1,0
-34,3,5,1,0
-61,6,2,1,0
-34,5,4,1,0
-59,2,3,0,0
-89,6,4,1,0
-35,6,2,0,0
-56,3,2,1,0
-27,2,5,0,0
-77,2,3,0,0
-86,6,1,1,0
-48,5,3,0,0
-29,5,1,1,1
-87,0,5,1,0
-73,0,3,0,0
-56,5,2,1,0
-39,3,1,1,0
-67,4,2,1,0
-73,4,5,1,0
-72,0,4,1,0
-59,0,5,1,0
-59,4,5,0,0
-64,2,2,0,0
-45,2,1,1,0
-86,5,3,1,0
-35,1,5,1,0
-26,3,2,1,0
-51,3,1,1,0
-61,5,3,0,0
-84,3,3,0,0
-31,4,5,0,0
-66,5,5,1,0
-38,5,5,1,0
-36,1,5,0,0
-47,5,2,1,0
-79,4,1,0,0
-78,0,1,1,0
-27,4,4,1,0
-31,0,3,0,0
-93,3,2,1,0
-43,4,4,1,0
-66,5,1,0,0
-26,5,2,1,0
-36,8,4,0,0
-78,8,3,1,0
-58,6,4,1,0
-52,5,5,1,0
-68,4,3,1,0
-72,3,4,0,0
-64,6,1,0,0
-55,2,1,1,0
-93,0,5,1,0
-59,5,3,0,0
-29,6,2,1,0
-66,3,2,1,0
-52,1,5,1,0
-60,4,4,1,0
-56,0,4,1,0
-85,5,3,0,0
-45,6,3,0,0
-93,6,3,1,0
-58,2,5,0,0
-72,2,2,1,0
-32,5,3,1,0
-57,1,5,1,0
-67,0,1,0,0
-29,4,5,1,0
-79,1,4,0,0
-61,3,4,0,0
-36,6,5,0,0
-70,5,2,0,0
-80,4,3,1,1
-37,1,5,1,0
-56,0,3,0,0
-53,6,1,0,0
-41,5,1,0,0
-87,9,5,0,0
-80,2,5,0,0
-60,5,1,1,0
-80,8,2,0,0
-83,2,2,1,0
-68,7,1,1,0
-58,4,5,1,0
-86,5,4,0,0
-39,3,1,0,0
-52,1,2,0,0
-56,4,4,1,0
-90,5,5,0,0
-46,3,3,0,0
-84,4,4,1,0
-83,4,1,0,0
-39,2,2,0,0
-56,4,4,1,0
-73,2,4,0,0
-45,1,3,0,0
-65,7,3,0,0
-50,2,4,0,0
-85,0,2,1,0
-56,3,2,1,0
-81,5,5,0,0
-55,7,5,1,0
-68,1,5,1,0
-39,3,4,1,0
-57,6,4,1,0
-54,3,4,0,0
-42,7,5,1,0
-89,4,1,1,0
-53,2,2,0,0
-55,0,3,0,0
-71,4,1,0,0
-40,0,4,1,0
-75,1,2,0,0
-47,5,5,0,0
-67,0,2,1,0
-77,4,2,1,0
-28,4,3,0,0
-50,7,2,0,0
-62,8,1,1,0
-71,8,2,1,0
-95,8,2,1,0
-45,4,4,0,0
-62,0,5,0,0
-39,3,2,1,0
-95,2,4,0,0
-76,1,2,1,0
-73,5,1,1,0
-50,1,4,0,0
-91,8,5,0,0
-89,2,3,0,0
-34,2,2,1,0
-61,3,2,0,0
-81,0,1,0,0
-88,11,2,1,0
-48,7,5,0,0
-47,5,4,1,0
-58,3,5,1,0
-27,6,1,1,0
-70,0,1,1,0
-42,7,3,1,0
-63,0,4,1,0
-30,8,3,1,0
-56,1,1,1,0
-52,5,1,0,0
-60,4,3,0,0
-64,0,5,0,0
-33,9,5,1,0
-75,4,3,1,0
-81,1,4,1,0
-94,7,1,0,0
-47,7,4,1,0
-43,5,3,0,0
-36,9,1,1,0
-26,5,1,1,0
-85,4,5,0,0
-37,0,1,0,0
-61,8,2,1,0
-40,7,4,1,0
-84,2,3,0,0
-83,5,3,1,0
-52,7,5,0,0
-67,2,1,1,0
-38,5,1,1,0
-94,1,5,0,0
-61,3,5,0,0
-61,2,4,1,0
-34,4,3,1,0
-31,2,4,1,0
-34,1,5,0,0
-75,7,2,1,0
-33,0,3,0,0
-56,0,4,0,0
-87,0,5,0,0
-56,3,1,1,0
-30,3,5,1,0
-41,5,1,1,0
-85,2,2,1,0
-83,7,1,0,0
-31,5,2,0,0
-94,9,4,0,0
-93,2,2,1,0
-68,3,2,0,0
-87,0,1,1,0
-82,7,3,1,0
-71,0,2,1,0
-85,2,2,0,0
-55,1,4,0,0
-54,1,5,0,0
-32,5,3,0,0
-37,2,1,0,0
-45,2,2,0,0
-27,4,2,1,0
-73,3,5,1,0
-45,1,2,0,0
-55,2,2,1,0
-59,2,3,1,0
-82,7,1,1,0
-28,4,1,1,0
-37,5,3,1,1
-65,1,3,0,0
-66,2,4,0,0
-27,4,3,0,0
-37,9,4,1,0
-95,6,5,0,0
-74,5,2,1,0
-95,2,5,0,0
-58,0,5,1,0
-26,1,1,1,0
-74,4,2,1,0
-60,2,1,1,0
-44,8,4,1,0
-54,7,5,0,0
-28,7,3,1,0
-35,3,5,0,1
-87,3,1,1,0
-48,6,3,1,0
-56,5,4,1,0
-95,8,1,0,0
-75,4,4,0,0
-63,3,2,1,0
-90,3,5,1,0
-64,5,5,1,0
-74,3,1,1,0
-29,6,4,0,0
-36,5,1,1,0
-37,0,2,1,0
-89,5,5,1,0
-91,4,4,0,0
-88,6,3,1,0
-64,4,1,0,0
-70,4,4,1,0
-48,0,5,1,0
-65,1,3,1,0
-37,6,4,0,0
-26,4,5,1,0
-79,3,3,1,0
-70,2,3,0,0
-66,7,3,1,0
-38,6,4,1,0
-29,6,2,0,0
-93,9,1,1,1
-30,0,2,1,0
-81,3,2,1,0
-42,3,5,0,0
-52,3,4,1,0
-45,3,3,0,0
-48,2,3,1,0
-30,3,2,0,0
-42,6,3,0,0
-54,4,3,1,0
-86,5,3,1,0
-53,4,4,0,0
-94,4,3,0,0
-95,0,2,1,0
-44,2,5,1,0
-65,5,3,1,0
-62,3,3,1,0
-49,1,4,1,0
-52,8,2,0,0
-88,3,1,1,0
-66,1,2,0,0
-42,2,1,1,0
-62,1,1,1,0
-66,2,4,1,0
-59,8,3,1,0
-65,1,2,0,0
-43,2,3,1,0
-33,4,2,1,0
-66,2,5,0,0
-70,4,1,0,0
-64,2,3,1,0
-30,0,5,0,0
-84,3,1,1,0
-58,4,4,1,0
-94,4,5,0,0
-45,3,5,0,0
-35,0,4,1,0
-66,4,4,1,0
-80,3,2,1,0
-27,3,2,1,0
-65,6,4,0,0
-37,6,3,1,0
-53,4,3,1,0
-44,2,1,0,0
-68,2,3,0,0
-69,3,4,1,0
-51,7,4,0,0
-29,4,1,1,0
-91,2,4,1,0
-87,9,2,0,0
-91,6,4,0,0
-42,2,4,1,0
-59,3,5,0,0
-74,2,5,0,0
-28,4,3,1,0
-74,1,5,1,0
-84,6,4,1,0
-40,2,4,1,0
-61,2,2,0,0
-87,2,2,0,0
-56,6,3,1,0
-56,1,4,1,0
-33,0,1,1,0
-80,4,4,1,0
-78,6,5,1,0
-59,6,3,1,0
-36,6,3,1,0
-94,4,5,0,0
-35,1,2,0,0
-79,3,3,1,0
-48,7,1,1,0
-78,5,5,1,0
-77,7,2,1,0
-69,0,5,1,0
-49,3,3,0,0
-50,3,2,1,0
-33,1,1,1,0
-37,4,5,1,0
-92,4,2,1,0
-89,1,3,1,0
-35,2,1,1,0
-47,3,4,1,0
-62,3,5,1,0
-69,6,1,1,0
-46,3,5,1,0
-91,3,1,1,0
-26,6,5,1,0
-67,5,2,1,0
-68,5,5,0,0
-54,1,4,0,0
-37,1,3,1,0
-38,2,3,0,0
-41,3,3,1,0
-72,3,3,0,0
-52,0,5,0,0
-59,6,2,0,0
-36,3,4,0,0
-68,0,2,1,0
-56,6,3,1,0
-78,5,4,0,0
-39,4,4,0,0
-61,3,5,1,0
-35,5,4,1,0
-26,0,2,0,0
-47,2,4,1,0
-60,10,1,1,0
-68,6,1,0,0
-28,3,4,0,0
-41,2,4,1,0
-38,2,3,1,0
-27,4,4,1,0
-42,1,2,0,0
-95,5,4,0,0
-26,5,1,1,0
-77,6,2,1,0
-76,2,3,0,0
-83,5,1,1,0
-74,4,2,1,0
-45,3,3,0,0
-66,5,5,1,0
-86,0,4,0,0
-39,2,4,0,0
-28,5,2,0,0
-95,2,3,0,0
-28,3,1,0,0
-70,2,1,0,0
-72,9,2,1,0
-72,2,3,1,0
-57,2,3,1,0
-84,3,4,1,0
-31,6,4,1,0
-33,3,2,0,0
-85,3,3,0,0
-33,2,2,0,0
-58,5,1,1,0
-47,8,3,1,0
-52,6,3,0,1
-38,2,4,1,0
-56,3,1,1,0
-27,0,4,1,0
-88,4,4,0,0
-83,0,3,1,0
-41,4,3,0,0
-67,3,1,1,0
-85,7,5,0,0
-87,2,4,1,0
-92,0,4,1,0
-59,5,4,1,0
-34,5,3,1,0
-76,3,2,1,0
-83,3,4,1,0
-94,3,3,1,0
-36,3,4,1,0
-33,0,5,1,0
-39,0,1,0,0
-67,1,2,0,0
-41,2,3,0,0
-88,0,1,1,0
-44,3,5,1,0
-91,1,5,1,0
-28,2,4,0,0
-94,7,3,1,0
-66,4,4,0,0
-74,6,1,0,0
-76,4,3,1,0
-26,10,1,0,0
-87,5,2,1,0
-80,8,5,1,0
-66,1,1,0,0
-43,7,4,1,0
-73,2,3,1,0
-76,4,4,0,0
-58,2,5,1,0
-82,0,2,0,0
-49,0,2,1,0
-64,4,5,1,0
-79,4,1,1,0
-76,5,1,0,0
-74,1,5,0,0
-31,0,1,1,0
-31,6,2,0,0
-49,1,3,1,0
-74,4,2,0,0
-46,2,3,1,0
-61,5,2,0,0
-72,9,3,0,0
-31,4,3,1,0
-29,2,2,1,0
-56,3,1,1,0
-38,6,2,0,0
-68,0,2,0,0
-29,1,5,1,0
-65,2,3,0,0
-92,4,2,1,0
-65,5,2,0,1
-78,5,5,1,0
-28,5,4,1,0
-57,3,4,1,0
-30,3,1,1,0
-71,6,3,1,0
-37,3,5,1,0
-28,4,3,1,0
-52,0,4,1,0
-55,2,2,1,0
-40,4,5,1,0
-66,1,2,1,0
-43,1,3,1,0
-43,3,4,0,0
-93,6,5,1,0
-66,11,1,1,0
-70,1,1,1,0
-60,3,5,1,0
-31,0,3,1,0
-29,8,3,0,0
-83,5,5,1,0
-50,4,4,1,0
-39,7,3,0,0
-43,7,2,0,0
-53,7,5,0,0
-92,6,3,1,0
-73,0,3,1,0
-70,5,4,1,0
-70,2,2,1,0
-51,5,5,0,0
-26,7,3,0,0
-56,1,5,0,0
-43,4,5,0,0
-34,3,1,1,0
-94,6,3,1,0
-51,3,1,0,0
-70,2,2,1,0
-79,0,3,1,0
-93,4,1,0,0
-34,0,5,1,0
-35,6,2,1,0
-30,2,2,1,0
-89,0,5,0,0
-48,6,1,0,0
-80,0,3,1,0
-80,2,1,1,0
-56,7,1,0,0
-33,1,3,1,0
-84,0,2,1,0
-79,10,4,1,0
-95,0,4,1,0
-73,0,5,1,0
-69,1,2,1,0
-82,6,4,0,0
-74,5,2,1,0
-94,4,5,1,0
-50,0,3,1,0
-54,2,1,0,0
-74,4,1,0,0
-81,1,2,0,0
-66,7,3,1,0
-32,4,1,1,0
-69,4,1,1,0
-34,3,5,0,0
-39,3,4,1,0
-45,1,1,1,0
-60,7,4,0,0
-52,3,3,0,0
-65,5,3,1,0
-57,4,4,0,0
-65,2,4,0,0
-28,1,4,1,0
-49,0,4,1,0
-89,2,5,1,0
-69,4,3,0,0
-75,2,2,0,0
-55,1,1,0,0
-65,4,3,1,0
-41,8,5,1,0
-67,1,2,0,0
-67,3,3,0,0
-49,3,1,1,0
-39,12,1,1,0
-71,3,5,1,0
-78,2,5,1,0
-54,3,2,0,0
-72,2,3,1,0
-67,2,3,1,0
-31,7,3,0,0
-50,4,2,1,0
-50,3,4,1,0
-59,1,1,0,0
-32,3,4,1,0
-57,2,3,1,0
-85,7,2,0,0
-52,2,5,1,0
-42,2,1,1,0
-69,4,4,1,0
-59,3,4,1,0
-46,5,1,1,0
-40,11,2,1,0
-84,5,2,1,0
-57,8,3,0,0
-70,3,3,0,0
-51,4,4,0,0
-34,5,2,0,0
-52,0,5,1,0
-71,4,1,0,0
-43,3,1,0,0
-53,2,2,0,0
-66,6,4,0,0
-86,8,3,1,0
-62,3,3,1,0
-88,3,3,0,0
-62,4,2,1,0
-60,4,3,0,0
-59,3,2,1,0
-38,7,4,0,0
-50,1,4,0,0
-51,3,1,0,0
-83,3,3,1,0
-34,0,3,0,0
-52,1,1,0,1
-76,8,4,1,0
-26,3,4,1,0
-41,1,4,0,0
-58,2,2,1,0
-53,1,5,0,0
-38,7,3,1,0
-91,1,2,0,0
-94,3,4,1,0
-44,8,2,1,0
-78,8,5,1,0
-75,6,2,1,0
-81,1,4,1,0
-87,2,1,0,0
-77,4,4,1,0
-73,0,3,1,0
-53,3,2,1,0
-74,2,4,1,0
-87,3,2,0,0
-38,1,1,1,0
-28,3,5,1,0
-41,6,2,0,0
-67,5,4,1,0
-45,0,2,0,0
-84,0,4,0,0
-72,3,2,0,0
-65,5,4,1,0
-51,4,1,0,0
-69,5,2,0,0
-33,1,4,0,0
-42,3,3,0,0
-64,3,4,1,0
-30,0,3,1,0
-67,2,1,0,0
-73,1,3,1,0
-49,5,2,0,0
-79,3,2,0,0
-90,0,5,0,0
-32,3,2,1,0
-46,3,1,0,0
-63,6,3,1,0
-49,4,1,1,0
-47,3,3,1,0
-66,0,1,1,0
-35,3,3,1,0
-33,4,4,1,0
-89,3,1,1,0
-46,1,3,1,0
-87,3,3,0,0
-94,5,2,1,0
-68,0,5,1,0
-37,3,2,1,0
-45,7,1,1,0
-51,4,2,1,0
-71,4,3,0,0
-31,8,4,0,0
-67,6,3,0,0
-51,4,1,1,0
-42,3,1,1,0
-46,3,1,1,0
-46,6,4,1,0
-35,3,3,0,0
-37,5,5,1,1
-43,5,4,0,0
-36,1,4,1,0
-56,3,2,1,0
-76,4,1,0,0
-56,2,2,1,0
-30,5,5,1,0
-26,6,5,0,0
-71,0,3,0,1
-37,2,5,0,0
-89,4,3,0,0
-45,3,2,0,0
-92,4,5,1,0
-45,4,3,1,0
-94,2,5,0,0
-50,4,4,1,0
-80,2,2,1,1
-64,2,3,1,0
-68,3,1,1,0
-26,6,1,1,0
-86,1,5,1,0
-60,3,5,1,0
-62,0,1,0,0
-72,3,2,1,0
-82,2,1,1,0
-76,2,4,0,0
-31,3,4,1,0
-76,4,5,1,0
-66,2,3,0,0
-72,0,3,1,0
-43,6,3,1,0
-72,5,4,1,0
-71,0,1,1,0
-81,3,2,0,0
-55,8,1,0,0
-41,8,1,0,0
-61,0,5,1,1
-80,3,2,1,0
-82,0,3,1,0
-95,5,5,0,0
-78,3,3,0,0
-60,6,5,0,0
-53,7,3,0,0
-55,1,5,1,0
-43,3,1,1,0
-83,1,5,0,0
-36,9,2,0,0
-70,5,3,0,0
-26,6,5,0,0
-41,4,5,1,1
-57,2,2,1,0
-85,5,2,1,0
-80,3,2,1,0
-32,2,3,1,0
-42,5,1,0,0
-63,2,3,1,0
-59,5,1,0,0
-31,2,3,1,0
-27,5,1,1,0
-80,6,5,1,0
-77,2,3,1,0
-35,1,3,1,1
-29,7,3,1,0
-78,3,2,1,0
-74,2,5,1,0
-38,7,1,1,0
-61,0,5,0,0
-48,7,5,0,0
-78,2,5,0,0
-35,4,1,1,0
-67,3,1,0,0
-56,3,1,0,0
-53,2,5,1,0
-52,1,3,1,0
-66,3,5,1,0
-45,4,1,1,0
-59,3,5,0,0
-53,3,2,1,0
-40,9,3,0,0
-27,7,3,1,0
-60,0,4,1,0
-82,4,1,1,0
-56,7,4,1,0
-61,0,2,0,0
-41,3,2,0,0
-95,4,4,1,0
-61,2,4,0,0
-38,6,3,0,0
-27,1,4,0,0
-36,1,3,0,0
-56,0,3,0,0
-83,6,3,0,0
-56,1,3,0,0
-40,3,1,1,0
-50,4,2,0,0
-83,3,1,1,0
-47,1,3,1,0
-74,2,5,0,0
-64,1,5,0,0
-37,7,3,1,0
-65,0,5,0,0
-83,7,1,0,0
-57,5,1,1,0
-53,1,5,1,0
-39,2,1,0,0
-53,2,1,0,0
-46,4,4,0,0
-80,4,2,0,0
-39,6,5,1,0
-52,5,2,0,0
-80,4,3,1,0
-79,10,5,1,0
-91,3,5,1,0
-91,2,2,1,0
-26,2,4,0,0
-86,2,2,1,0
-27,0,4,0,0
-74,2,4,1,0
-47,11,3,0,0
-49,0,1,1,0
-61,3,3,0,0
-92,5,2,1,0
-72,1,1,1,0
-29,4,2,1,0
-73,4,2,1,0
-80,2,4,0,0
-80,5,4,1,0
-58,4,5,0,0
-84,5,2,0,0
-33,4,2,0,0
-52,9,5,1,0
-26,2,5,1,0
-28,2,4,1,0
-84,5,2,0,0
-68,0,2,0,0
-78,10,1,1,0
-45,5,1,0,0
-27,5,2,1,0
-55,1,1,1,0
-54,4,3,0,0
-93,6,3,1,0
-81,7,5,0,0
-49,6,5,1,0
-56,0,3,1,0
-79,5,4,0,0
-42,0,1,0,0
-87,0,4,1,0
-46,3,5,1,0
-82,5,4,1,0
-44,4,1,1,0
-38,5,4,1,0
-78,1,2,1,0
-41,6,4,1,0
-80,3,5,1,0
-48,6,3,0,0
-55,6,1,1,0
-92,3,2,0,0
-42,0,2,0,0
-82,2,2,0,0
-29,4,4,1,0
-79,3,2,1,1
-92,1,2,0,0
-57,3,5,1,0
-32,11,5,0,0
-76,0,3,1,0
-78,4,4,1,0
-83,0,4,1,0
-32,2,3,0,0
-90,1,1,1,0
-76,4,1,0,0
-54,4,3,0,0
-84,3,1,0,0
-41,5,2,1,0
-78,5,5,0,0
-57,3,3,1,0
-88,0,2,1,0
-81,0,4,0,0
-31,1,5,1,0
-28,0,1,0,0
-60,6,5,0,0
-59,1,4,0,0
-42,4,3,1,0
-93,8,2,1,0
-41,6,3,0,0
-37,2,1,0,0
-40,5,5,1,0
-39,1,2,0,0
-66,3,3,1,0
-65,4,1,0,0
-42,4,5,1,0
-37,1,3,0,0
-33,4,3,0,0
-35,3,3,1,0
-77,3,2,0,0
-83,5,3,1,0
-79,1,3,0,0
-30,5,4,1,0
-82,6,5,0,0
-29,7,3,1,0
-57,3,1,0,0
-86,8,1,0,0
-73,5,2,0,0
-29,9,2,1,0
-80,0,2,1,0
-94,3,1,0,0
-91,3,2,1,0
-72,6,1,1,0
-83,5,3,1,0
-26,6,2,0,0
-34,7,4,0,0
-41,0,5,1,0
-94,4,4,1,0
-57,2,4,0,0
-30,4,4,1,0
-57,1,4,1,0
-91,1,1,0,0
-61,4,2,1,0
-43,3,2,1,0
-55,0,2,0,0
-86,2,2,1,0
-41,4,3,0,0
-82,0,3,1,0
-90,9,3,1,0
-50,5,1,1,0
-56,2,1,1,0
-35,5,2,0,1
-31,2,4,0,0
-84,7,3,1,0
-83,3,4,1,0
-34,2,1,1,0
-66,0,3,1,0
-93,5,4,0,0
-38,0,1,1,0
-39,7,5,0,0
-40,6,4,0,0
-67,5,1,0,0
-68,4,4,1,0
-31,6,2,1,0
-42,2,3,0,0
-53,6,2,0,0
-75,4,3,0,0
-52,6,2,1,0
-75,2,2,1,0
-71,6,3,1,0
-51,3,1,0,0
-59,0,1,1,0
-69,6,5,0,0
-92,5,1,1,0
-86,3,5,0,0
-68,2,4,1,0
-32,5,4,1,0
-85,2,2,1,0
-69,2,2,0,0
-53,5,1,0,0
-79,6,4,1,0
-78,0,5,0,0
-77,2,1,0,0
-47,0,4,0,0
-62,1,4,1,0
-28,1,3,0,0
-87,3,4,1,0
-59,4,4,1,0
-28,6,1,1,0
-58,0,1,1,0
-38,3,3,0,0
-80,3,1,1,0
-64,0,1,0,0
-53,3,5,1,0
-28,1,4,1,0
-54,0,5,0,0
-86,4,5,1,0
-56,2,4,1,0
-84,0,2,1,0
-52,3,4,1,0
-50,3,4,0,0
-89,0,1,1,0
-30,4,5,0,0
-72,2,5,0,0
-72,3,3,1,0
-32,6,4,0,0
-29,4,1,0,0
-57,12,1,1,0
-54,5,4,0,0
-77,2,3,1,0
-61,1,2,1,0
-36,2,1,0,0
-51,1,3,1,0
-81,8,3,1,0
-56,4,4,1,0
-58,0,4,1,0
-88,6,2,1,0
-34,2,1,0,0
-75,0,4,0,0
-68,2,2,1,0
-29,0,4,0,0
-80,3,3,1,0
-77,3,3,1,0
-87,0,3,1,0
-42,2,1,0,0
-65,0,3,1,0
-75,0,4,1,0
-44,4,1,0,0
-51,2,2,1,0
-51,4,4,0,0
-39,1,3,1,0
-32,5,4,1,0
-57,2,5,1,0
-29,1,5,1,0
-39,5,2,0,0
-58,3,5,1,0
-30,4,2,1,0
-84,6,2,0,0
-84,5,1,0,0
-94,9,4,0,0
-69,0,2,1,0
-58,2,1,1,0
-31,0,3,0,0
-56,7,2,0,0
-35,8,5,0,0
-45,11,4,0,0
-45,6,4,1,0
-72,4,4,0,0
-38,3,1,0,1
-65,1,5,1,0
-37,4,1,1,0
-44,3,5,1,0
-66,5,4,0,0
-37,1,4,0,0
-58,2,3,0,0
-90,4,1,0,0
-83,5,4,1,0
-81,3,5,1,1
-41,2,2,0,0
-44,3,2,1,0
-30,0,4,1,0
-86,3,5,1,0
-26,5,3,1,0
-80,5,2,0,0
-39,2,5,0,0
-83,4,4,1,0
-61,3,5,1,0
-74,7,4,0,0
-56,2,4,0,0
-26,4,5,1,0
-73,2,2,0,0
-78,0,4,1,0
-47,6,5,0,0
-61,4,2,0,0
-36,5,4,1,0
-74,2,5,0,0
-53,5,1,1,0
-63,9,5,0,0
-42,4,5,1,0
-71,0,2,0,0
-36,6,5,1,0
-38,3,3,1,1
-95,6,4,1,0
-30,0,4,1,0
-43,2,2,0,0
-37,6,4,0,0
-95,2,2,0,0
-44,0,2,0,0
-88,3,1,1,0
-92,0,1,0,0
-61,1,4,0,0
-26,0,2,1,0
-38,1,2,0,0
-53,3,5,1,0
-68,5,4,1,0
-86,7,1,1,0
-58,7,2,1,0
-29,1,4,1,0
-41,2,3,0,0
-31,0,2,1,0
-36,5,1,1,0
-74,3,1,1,0
-55,4,4,1,0
-34,2,1,1,0
-57,6,2,1,0
-78,7,5,1,0
-41,0,1,1,0
-50,3,5,1,0
-29,6,5,0,0
-41,5,1,0,0
-95,2,3,1,0
-78,4,5,1,1
-33,4,4,1,0
-66,2,5,0,0
-46,1,2,1,0
-51,5,4,0,0
-88,0,3,1,0
-57,12,2,0,0
-85,1,2,1,0
-51,1,5,0,0
-40,6,3,1,0
-64,2,2,1,0
-53,0,1,1,0
-39,5,4,0,0
-68,3,1,1,0
-38,10,3,0,0
-29,7,3,1,0
-80,2,1,1,0
-85,3,4,0,0
-65,4,4,1,0
-41,0,1,1,0
-57,5,2,1,0
-36,0,2,1,0
-93,1,5,1,0
-75,3,3,0,0
-32,7,2,1,0
-64,3,2,0,0
-50,7,3,1,0
-90,4,5,1,0
-64,8,2,1,0
-92,7,3,1,0
-58,1,2,1,0
-92,1,2,0,0
-60,4,3,0,0
-65,0,4,1,0
-53,4,5,1,0
-82,0,5,1,0
-34,4,5,1,0
-93,3,5,0,0
-39,0,4,0,0
-72,0,2,1,0
-87,3,1,0,0
-91,3,5,1,0
-36,4,1,0,0
-51,5,2,0,0
-71,0,5,1,0
-88,7,5,1,0
-73,0,2,1,0
-27,5,2,1,0
-77,5,4,1,0
-94,5,3,1,0
-86,3,1,1,0
-76,0,5,1,0
-88,7,2,1,0
-52,7,2,0,0
-82,0,4,0,0
-59,4,1,1,0
-76,5,4,1,0
-69,1,2,0,0
-48,6,5,1,0
-32,2,5,0,0
-35,5,4,1,0
-43,2,1,1,0
-92,3,3,0,0
-90,4,1,1,0
-41,5,1,0,0
-33,0,5,1,0
-71,4,1,0,0
-55,3,3,0,0
-51,0,1,0,0
-75,4,5,1,0
-84,10,4,1,0
-40,6,4,1,0
-29,5,1,0,0
-92,4,5,1,0
-31,3,5,0,0
-77,3,2,1,0
-77,1,5,0,0
-57,1,5,0,0
-79,3,1,0,0
-46,7,1,1,0
-87,5,5,0,0
-29,2,2,0,0
-94,0,2,1,0
-79,7,1,0,0
-36,5,3,0,0
-79,0,1,1,0
-49,2,2,1,0
-77,5,2,1,0
-86,0,2,1,0
-28,0,5,1,0
-76,5,1,0,0
-76,4,2,0,0
-36,0,3,0,0
-95,4,2,0,0
-92,2,3,0,0
-65,2,4,1,0
-74,1,3,0,0
-41,4,5,0,0
-28,5,4,0,0
-87,4,1,0,0
-29,3,3,1,0
-29,5,2,1,0
-91,6,2,1,0
-45,3,5,1,0
-59,3,3,0,0
-82,3,5,0,1
-35,6,4,0,0
-31,6,4,1,0
-60,0,2,0,0
-43,4,3,0,0
-47,4,4,1,0
-73,6,4,1,0
-89,0,5,1,0
-69,0,2,0,0
-64,3,1,1,0
-71,3,1,0,0
-95,1,1,0,0
-33,7,4,0,0
-88,2,4,1,0
-61,3,3,1,0
-55,6,4,1,0
-78,7,5,1,0
-61,3,5,0,0
-44,1,2,0,0
-53,7,2,0,0
-27,1,2,1,0
-38,5,2,0,0
-80,5,4,1,0
-68,3,2,0,0
-69,2,2,0,0
-35,6,4,1,0
-54,1,5,0,0
-95,2,3,0,0
-35,3,3,1,0
-33,4,2,0,0
-92,4,2,0,0
-80,7,2,1,0
-88,7,1,1,0
-35,2,4,1,0
-79,3,1,0,0
-80,2,5,0,0
-84,0,5,1,0
-35,2,3,0,0
-48,0,5,1,0
-91,6,4,1,0
-35,2,4,1,0
-87,0,4,0,0
-38,4,2,0,0
-94,4,4,1,0
-43,9,4,0,0
-46,4,4,1,0
-93,3,3,1,0
-83,6,3,0,0
-46,0,4,0,0
-74,2,2,1,0
-53,7,2,1,0
-43,6,2,0,0
-88,5,4,0,0
-44,4,5,1,0
-81,2,2,1,1
-33,1,4,0,0
-59,7,1,1,1
-31,7,2,1,0
-80,6,3,1,0
-74,1,2,1,0
-49,3,4,1,0
-45,1,4,0,0
-46,3,4,0,0
-54,11,3,1,0
-72,0,5,0,0
-72,3,3,1,0
-30,3,2,1,0
-59,3,3,1,0
-58,0,1,0,0
-94,3,2,1,0
-90,3,4,1,0
-52,3,2,0,0
-69,1,4,1,0
-72,0,5,1,0
-95,5,5,0,0
-83,0,5,1,0
-93,4,4,0,0
-72,1,2,1,0
-59,4,5,0,0
-70,5,2,1,1
-26,7,2,1,0
-40,2,4,1,0
-53,4,3,1,0
-50,3,2,1,0
-72,1,1,1,0
-79,4,2,1,0
-64,2,2,1,0
-61,6,4,0,0
-95,5,4,1,0
-45,6,4,1,0
-61,3,2,1,0
-33,2,1,1,0
-35,5,2,0,0
-36,3,2,1,0
-44,2,1,0,0
-46,5,1,1,0
-49,3,1,1,0
-32,6,4,0,0
-58,1,4,1,0
-36,5,2,1,0
-65,5,5,1,0
-75,4,1,1,0
-27,2,5,1,0
-53,4,4,1,0
-58,5,4,1,0
-34,3,1,1,0
-84,6,1,1,0
-75,4,5,1,0
-29,4,3,1,0
-88,0,1,1,0
-78,6,2,1,0
-60,5,2,0,0
-37,2,2,1,0
-83,7,5,1,0
-95,0,2,1,0
-79,2,3,1,0
-61,2,2,0,0
-89,2,1,1,0
-59,4,3,1,0
-51,5,3,0,0
-91,5,5,1,0
-51,5,2,1,0
-45,1,2,1,0
-58,5,5,0,0
-46,6,1,0,0
-54,0,2,1,0
-84,2,5,1,0
-33,4,3,0,0
-48,5,2,0,0
-26,1,3,1,0
-29,1,5,1,0
-57,2,5,1,0
-27,1,2,0,0
-43,4,1,0,0
-93,2,2,0,0
-81,6,3,0,0
-72,5,5,0,0
-39,4,1,0,0
-30,3,1,0,0
-32,1,3,0,0
-71,6,1,1,0
-36,7,1,0,0
-78,2,3,0,0
-30,0,2,1,0
-69,0,5,0,0
-38,1,1,0,0
-46,9,1,1,0
-34,2,3,1,0
-92,0,3,1,0
-63,3,1,1,0
-84,3,3,0,0
-29,0,2,1,0
-93,4,1,1,0
-70,2,4,0,0
-77,11,2,0,0
-55,4,1,1,0
-38,4,1,1,0
-71,4,3,0,0
-28,4,2,1,0
-78,3,3,0,0
-28,7,4,0,0
-82,3,1,1,0
-78,8,4,1,0
-43,4,4,0,0
-63,4,2,0,0
-45,0,3,0,0
-82,1,4,1,0
-52,4,3,1,0
-58,3,2,0,0
-77,1,4,1,0
-42,0,5,1,0
-78,0,1,1,0
-88,1,5,0,0
-42,0,3,0,0
-95,2,3,1,0
-35,6,3,1,0
-64,5,5,0,0
-82,5,5,1,0
-36,4,5,0,0
-91,8,5,1,0
-90,6,5,0,0
-59,5,5,0,0
-93,0,3,0,0
-61,7,4,0,0
-44,4,2,1,0
-63,3,4,0,0
-81,3,2,0,0
-66,4,5,0,0
-67,5,4,0,0
-76,5,5,0,0
-47,4,4,0,0
-49,0,2,0,0
-77,5,5,1,0
-72,4,3,0,0
-41,1,1,0,0
-57,10,3,0,0
-89,0,1,1,0
-38,7,3,1,0
-33,0,3,0,0
-81,4,1,1,0
-75,6,1,1,0
-48,3,3,1,0
-46,5,4,0,0
-75,5,4,0,0
-88,5,5,0,0
-52,4,5,1,0
-90,0,5,1,0
-36,3,4,1,0
-44,2,5,0,0
-88,2,1,0,0
-94,7,3,1,0
-84,3,4,1,0
-83,4,5,0,0
-89,7,1,1,0
-68,3,1,0,0
-75,1,4,1,0
-91,5,3,0,0
-88,3,4,0,0
-34,5,1,0,0
-61,0,1,1,0
-67,3,1,0,0
-85,5,4,1,0
-80,7,5,1,0
-78,5,4,1,0
-31,4,2,0,0
-84,0,4,0,0
-93,6,3,1,0
-76,2,4,1,0
-68,4,3,1,0
-41,3,4,1,0
-42,1,3,0,0
-86,2,3,1,0
-33,0,5,0,0
-89,3,2,1,0
-61,2,2,0,0
-60,2,4,1,0
-34,2,4,1,1
-55,3,3,0,0
-60,7,3,1,0
-29,1,5,0,0
-87,5,5,1,0
-64,3,3,0,0
-75,4,3,0,0
-51,6,4,1,0
-33,7,4,0,0
-27,1,1,1,0
-92,1,3,0,0
-34,3,2,0,0
-78,4,4,1,0
-64,4,1,0,0
-79,6,5,0,0
-82,4,4,1,0
-85,7,3,0,0
-56,2,4,1,0
-75,2,3,0,0
-33,3,2,1,0
-30,4,4,0,0
-55,4,3,1,0
-72,1,3,1,0
-67,3,5,1,0
-37,5,5,1,0
-64,7,2,1,0
-27,3,1,1,0
-39,4,4,0,0
-31,1,2,1,0
-81,6,2,1,0
-30,4,4,1,0
-54,2,3,1,0
-61,2,2,0,0
-52,6,1,1,0
-89,0,1,0,0
-42,6,3,1,0
-90,3,2,0,0
-73,6,3,1,0
-45,4,4,1,0
-31,4,1,1,0
-67,3,4,1,0
-85,4,4,1,0
-42,0,5,1,0
-38,2,2,1,0
-95,4,5,1,0
-94,5,4,0,0
-28,3,4,1,0
-29,1,3,1,0
-60,4,2,0,0
-73,7,3,1,0
-71,3,4,1,0
-67,5,2,1,0
-67,0,1,1,0
-49,8,4,1,0
-85,2,1,1,0
-27,1,3,1,0
-43,3,2,1,0
-38,2,5,1,0
-55,5,2,1,0
-45,3,5,0,0
-33,8,3,1,0
-54,8,5,1,0
-80,2,3,1,0
-62,3,2,0,0
-36,7,4,1,0
-53,5,5,0,0
-59,4,1,1,0
-92,4,3,0,0
-33,6,3,1,0
-85,4,4,1,0
-73,3,2,1,1
-88,10,4,0,0
-93,1,1,1,0
-67,0,5,1,0
-47,8,5,1,0
-41,5,1,0,0
-79,4,5,1,0
-73,1,1,1,0
-90,0,1,1,0
-34,0,5,0,0
-43,1,3,0,0
-91,2,2,0,0
-86,4,4,0,0
-79,0,5,1,0
-59,7,2,0,0
-73,2,3,1,0
-93,9,2,0,0
-32,1,5,1,0
-27,0,2,1,0
-31,3,3,1,0
-92,3,3,1,0
-74,4,2,1,0
-75,0,1,0,0
-41,5,3,1,0
-75,2,1,1,0
-93,4,4,0,0
-59,4,4,0,0
-48,4,2,1,0
-30,2,2,1,0
-93,6,4,0,0
-91,5,4,1,0
-51,0,1,1,0
-84,4,4,1,0
-83,5,2,1,0
-90,3,5,0,0
-50,4,4,1,0
-58,5,2,0,0
-49,6,4,1,0
-88,1,3,0,0
-92,4,2,1,1
-39,4,1,1,0
-41,4,2,1,0
-75,4,4,1,0
-78,4,4,0,0
-71,7,1,0,0
-90,4,2,1,0
-46,0,4,0,1
-63,8,5,0,0
-95,5,1,0,0
-32,1,5,0,0
-69,4,5,0,0
-77,3,4,1,1
-57,1,1,0,0
-61,5,5,1,0
-79,3,2,1,0
-37,0,2,0,0
-94,3,4,1,0
-85,6,2,0,0
-63,3,3,1,0
-53,2,5,1,0
-62,4,5,1,0
-38,3,4,1,0
-85,5,5,1,0
-57,2,4,0,1
-91,0,3,0,0
-37,4,2,1,0
-37,0,3,0,0
-53,4,3,0,0
-39,4,1,1,0
-61,0,4,1,0
-54,4,4,1,0
-77,3,2,1,0
-92,1,2,0,0
-28,7,1,1,0
-80,1,4,1,0
-60,3,2,1,0
-89,5,4,1,0
-30,5,1,1,0
-41,4,4,1,0
-69,1,1,0,0
-60,5,1,0,0
-55,0,2,1,0
-47,7,2,0,0
-87,3,4,0,0
-53,5,5,1,0
-87,0,5,1,0
-44,6,5,1,0
-46,2,1,1,0
-69,5,3,1,0
-73,3,3,1,0
-92,5,4,0,0
-80,3,2,1,0
-61,3,1,0,0
-88,1,5,1,0
-32,3,4,0,0
-35,4,2,1,0
-49,4,3,1,0
-30,0,1,0,0
-91,6,4,0,0
-63,8,5,0,0
-60,3,2,0,0
-39,1,2,1,0
-85,2,4,0,0
-62,4,2,0,0
-47,2,3,1,0
-42,6,2,1,0
-69,2,2,1,0
-69,4,2,0,0
-59,3,1,1,0
-82,5,1,0,0
-52,4,1,1,0
-61,5,5,1,0
-75,1,4,0,0
-31,4,3,0,0
-74,3,4,1,0
-77,4,4,0,0
-52,4,4,0,0
-87,4,1,0,0
-83,11,5,0,0
-91,6,1,1,0
-73,0,5,1,0
-77,3,4,0,0
-35,1,4,1,0
-71,2,3,1,0
-78,11,4,1,0
-29,4,3,1,0
-73,2,1,0,0
-30,1,4,1,0
-88,0,2,1,0
-71,2,4,0,0
-64,3,5,0,0
-82,4,2,1,0
-57,3,4,0,0
-52,7,2,1,0
-95,1,4,0,0
-38,5,5,1,0
-83,2,5,1,0
-67,1,3,1,0
-40,2,5,1,0
-68,4,4,1,0
-84,3,4,1,0
-92,0,5,1,0
-45,4,4,0,0
-89,0,5,1,0
-94,7,1,1,0
-87,9,4,0,0
-90,5,1,0,0
-32,3,2,1,0
-83,8,5,1,0
-71,5,5,0,0
-68,1,3,1,0
-36,3,1,0,0
-94,3,4,1,0
-30,6,2,0,0
-93,2,2,1,0
-81,0,4,1,0
-31,3,5,1,0
-76,3,3,1,0
-48,4,5,1,0
-64,2,2,1,0
-56,0,5,0,0
-78,1,2,0,0
-75,1,2,1,0
-60,1,5,1,0
-74,3,2,1,0
-79,5,5,1,0
-91,2,2,0,0
-95,0,2,1,0
-80,7,1,1,0
-45,5,5,1,0
-51,6,2,0,0
-77,2,5,0,0
-79,3,2,0,0
-53,5,5,0,0
-73,3,1,0,0
-79,2,3,1,0
-75,7,5,1,0
-39,4,3,1,0
-49,10,4,1,0
-49,5,3,1,0
-94,4,1,1,0
-55,3,2,1,0
-44,7,2,1,0
-50,5,2,1,0
-43,0,2,1,0
-30,5,3,1,0
-73,5,2,0,0
-78,6,3,1,0
-34,6,2,1,0
-90,1,1,1,0
-42,7,5,0,0
-46,1,1,0,0
-83,2,2,0,0
-67,5,1,1,0
-47,1,1,1,0
-71,7,1,1,0
-53,0,1,0,0
-30,4,3,0,0
-51,8,2,0,0
-76,4,3,0,0
-49,4,2,0,0
-54,2,2,1,0
-68,3,1,0,0
-26,2,2,1,0
-85,5,2,0,0
-45,3,1,0,0
-66,5,4,0,0
-62,0,5,0,0
-81,0,5,1,0
-44,6,3,1,0
-28,2,4,0,0
-77,5,3,0,0
-54,1,2,0,0
-73,1,3,1,0
-75,5,1,0,0
-54,6,5,1,0
-90,0,4,1,0
-71,5,2,0,0
-70,2,3,0,0
-94,6,3,1,0
-77,5,1,1,0
-41,2,4,1,0
-55,1,5,0,1
-89,3,5,1,0
-45,9,1,0,0
-61,6,1,0,0
-46,3,5,1,0
-59,3,1,0,0
-71,6,2,1,0
-87,8,4,0,0
-51,5,4,0,0
-41,4,1,1,0
-45,4,4,0,0
-68,4,3,1,0
-31,5,3,1,0
-44,4,4,1,0
-68,5,5,0,0
-70,1,3,1,0
-95,3,5,1,0
-64,8,2,0,0
-95,0,3,1,0
-30,10,5,1,0
-37,5,1,0,0
-51,8,2,0,0
-74,6,2,1,0
-70,2,5,0,0
-42,6,1,0,0
-32,5,5,1,0
-81,3,2,1,0
-36,0,5,0,0
-83,1,4,1,0
-66,0,3,1,0
-48,1,3,1,0
-85,10,2,0,0
-42,1,4,1,0
-61,0,5,1,0
-54,5,2,0,0
-51,4,3,0,0
-62,5,3,1,0
-27,2,3,0,0
-89,5,4,0,0
-72,2,2,1,0
-70,7,1,0,0
-32,3,4,0,0
-30,6,3,0,0
-85,0,4,0,0
-95,0,3,1,0
-91,5,3,0,0
-30,4,5,0,0
-68,3,2,1,0
-85,6,4,0,0
-54,1,5,0,0
-27,5,1,1,0
-49,10,3,1,0
-26,4,2,1,0
-45,0,3,1,0
-84,3,1,0,0
-58,3,5,1,0
-53,3,3,0,0
-53,2,3,1,0
-93,7,3,0,0
-41,9,4,1,0
-38,0,3,1,0
-38,3,1,1,0
-53,4,5,0,0
-49,3,5,1,0
-64,5,4,1,0
-69,4,3,1,0
-41,0,5,0,0
-68,4,4,1,0
-74,0,4,0,0
-75,7,3,1,0
-75,1,3,1,0
-31,0,2,1,0
-68,1,5,1,0
-91,5,5,1,0
-43,1,3,1,0
-30,1,5,0,0
-27,3,3,0,0
-66,5,2,1,0
-93,8,4,1,0
-44,3,4,1,0
-87,6,3,0,0
-57,7,1,0,0
-38,3,4,1,0
-93,2,4,1,0
-38,3,1,0,0
-30,3,4,0,0
-37,2,1,1,0
-75,2,3,0,0
-67,0,2,1,0
-93,2,2,0,0
-87,3,1,1,0
-47,4,3,0,0
-54,4,4,1,0
-45,9,1,1,0
-29,3,4,1,0
-81,0,5,1,0
-83,7,5,0,0
-49,7,1,1,0
-86,5,3,1,0
-46,3,1,1,0
-27,5,3,1,0
-35,2,1,1,0
-31,5,2,1,0
-78,8,2,1,0
-35,3,1,1,0
-32,0,4,0,0
-76,4,5,0,0
-75,0,5,0,0
-95,1,5,1,0
-85,5,3,1,0
-52,5,1,1,0
-68,5,2,1,0
-71,6,4,0,0
-89,5,3,1,1
-74,0,2,1,0
-81,4,2,1,0
-69,5,5,1,0
-64,3,2,1,0
-70,2,4,1,0
-44,7,4,0,0
-56,5,5,1,0
-48,7,2,1,0
-44,0,1,0,0
-58,7,2,0,0
-72,5,2,1,0
-73,5,5,0,0
-31,6,2,0,0
-73,5,1,1,0
-92,2,5,1,0
-86,1,4,1,0
-28,4,2,0,0
-52,2,2,0,0
-67,7,2,0,0
-30,2,5,0,0
-54,3,5,1,0
-67,3,1,0,0
-45,3,5,0,0
-32,3,5,0,0
-38,9,3,0,0
-36,6,2,0,0
-78,3,4,1,0
-53,4,4,1,0
-62,3,4,1,0
-82,2,3,1,0
-89,2,1,1,0
-67,3,4,1,0
-57,0,4,0,0
-89,5,1,1,0
-75,5,1,0,0
-31,4,4,0,0
-53,4,5,1,1
-57,3,2,1,0
-58,4,1,0,0
-48,5,4,1,0
-75,3,4,1,0
-92,2,2,0,0
-41,2,4,1,0
-70,0,1,1,0
-34,6,2,0,0
-86,4,2,0,0
-75,4,3,0,0
-68,2,3,0,0
-60,3,4,0,0
-26,2,4,0,0
-83,0,1,0,0
-30,0,2,0,0
-57,3,5,0,0
-89,6,5,1,0
-59,3,3,0,0
-94,2,1,1,0
-80,7,3,1,0
-55,5,4,1,0
-89,0,2,0,0
-41,2,5,1,0
-34,1,4,1,0
-44,3,2,0,0
-30,3,4,0,0
-40,9,3,1,0
-47,4,5,1,0
-67,5,1,0,0
-77,8,4,1,0
-87,5,1,1,0
-39,2,5,0,1
-76,5,5,1,0
-92,2,1,1,0
-38,4,4,1,0
-50,2,5,1,0
-77,8,5,0,0
-53,2,2,1,0
-49,5,5,1,0
-65,0,5,0,0
-61,5,2,1,0
-56,2,3,1,0
-38,5,5,1,0
-86,3,1,1,0
-77,4,5,1,0
-94,0,5,0,0
-89,0,1,1,0
-80,4,3,0,0
-83,0,3,1,0
-84,5,4,0,0
-37,1,4,1,0
-34,1,3,1,0
-94,2,1,1,0
-41,5,2,1,0
-33,6,3,1,0
-35,5,2,1,0
-89,4,1,1,0
-68,1,5,0,0
-63,8,2,0,0
-63,0,5,1,0
-64,7,4,0,0
-72,5,4,1,0
-84,3,1,0,1
-65,4,1,1,0
-31,8,5,1,0
-40,3,1,0,0
-94,1,4,0,0
-94,6,5,0,0
-56,3,1,1,0
-50,6,2,1,0
-54,9,5,1,0
-53,0,5,1,0
-85,5,4,0,0
-69,7,5,1,0
-32,3,1,0,0
-32,5,3,0,0
-63,3,2,0,0
-27,8,4,0,0
-76,6,2,1,0
-33,6,1,0,0
-43,4,4,0,0
-51,4,5,1,0
-74,4,1,0,0
-86,2,4,0,0
-36,3,2,1,0
-63,0,1,1,0
-30,2,3,0,0
-36,9,5,1,0
-61,6,2,0,0
-29,5,1,1,0
-63,2,3,1,0
-62,1,3,0,0
-89,3,5,1,0
-57,1,3,1,0
-87,8,4,0,0
-74,5,5,1,1
-81,0,2,0,0
-64,4,2,1,0
-83,2,3,0,0
-72,0,5,0,0
-60,2,5,1,0
-38,2,1,1,0
-41,2,5,1,0
-44,4,1,1,0
-59,3,2,0,0
-61,6,3,1,0
-76,0,2,1,0
-58,7,5,1,0
-56,6,4,0,0
-64,5,3,1,0
-63,5,1,0,0
-82,3,5,1,0
-63,4,4,1,0
-94,3,1,1,0
-75,4,1,1,0
-66,4,3,0,0
-81,2,3,0,0
-34,5,3,0,0
-71,2,4,1,0
-68,3,2,0,0
-56,4,4,0,1
-75,2,2,1,0
-58,4,3,1,0
-80,5,3,1,0
-42,6,2,1,0
-90,5,3,0,0
-33,5,3,1,0
-62,2,3,1,0
-32,6,3,0,0
-59,4,5,1,0
-95,5,5,0,0
-48,3,1,1,0
-50,4,5,1,0
-41,0,1,0,0
-92,2,3,1,0
-47,2,1,1,1
-48,3,4,1,0
-94,5,5,0,1
-94,4,3,1,0
-43,3,5,0,0
-33,6,1,0,0
-65,2,2,1,0
-72,5,5,1,0
-95,4,3,0,0
-38,1,3,0,0
-58,3,2,1,0
-48,0,1,1,0
-94,4,4,1,0
-28,0,3,0,0
-38,9,2,1,0
-31,4,1,0,0
-40,4,2,1,0
-30,2,5,0,0
-66,2,4,1,0
-62,5,5,1,0
-58,6,4,0,0
-60,2,4,0,1
-29,6,1,1,0
-84,7,4,0,0
-84,0,4,0,0
-90,6,3,0,0
-61,3,4,1,0
-32,0,1,0,0
-40,7,4,1,0
-56,3,3,0,0
-85,5,5,1,0
-39,5,4,1,0
-66,2,4,1,0
-85,7,4,0,0
-65,7,1,1,0
-88,4,5,1,0
-38,6,1,1,0
-45,7,1,1,0
-58,1,3,0,0
-27,1,1,0,0
-90,2,4,1,0
-29,3,5,1,0
-65,0,3,1,0
-87,2,3,1,0
-85,6,3,1,0
-44,6,3,0,0
-92,3,5,1,0
-79,0,4,1,0
-94,3,2,1,0
-38,0,1,1,0
-58,1,3,1,0
-29,3,3,1,0
-89,4,1,1,0
-29,2,5,1,0
-58,4,4,1,0
-43,8,5,1,0
-32,2,2,1,0
-81,9,3,1,0
-28,5,5,0,0
-33,0,5,1,0
-60,8,2,0,0
-93,4,1,1,0
-33,0,5,0,0
-55,1,5,0,0
-80,2,4,0,0
-32,3,4,0,0
-94,1,4,1,0
-55,3,5,1,0
-36,2,2,0,0
-67,1,2,1,0
-53,7,4,1,0
-80,3,1,0,0
-31,1,3,1,0
-39,7,3,1,0
-56,0,2,1,0
-46,0,4,0,0
-63,2,5,1,0
-50,0,1,0,0
-81,2,3,0,0
-51,3,2,1,0
-92,5,3,0,0
-73,6,5,1,0
-47,2,2,1,0
-87,9,2,0,0
-44,4,5,1,0
-71,6,1,0,0
-87,8,3,0,0
-68,2,2,1,0
-94,6,3,1,0
-68,6,2,1,0
-69,3,5,1,0
-56,1,5,1,0
-68,8,3,0,0
-35,5,2,1,0
-91,2,3,1,0
-35,3,4,1,0
-91,2,4,1,0
-51,3,1,1,0
-30,7,3,1,0
-43,1,3,0,0
-54,1,4,0,0
-69,4,4,1,0
-80,7,1,1,1
-78,2,3,1,0
-64,1,1,1,0
-62,1,1,1,0
-60,0,5,1,0
-81,3,3,1,0
-69,3,2,0,0
-35,5,3,1,0
-63,9,1,0,0
-83,2,4,1,0
-77,0,3,0,0
-70,4,2,1,0
-74,5,4,0,0
-52,0,4,1,0
-34,1,2,1,0
-71,6,3,1,0
-80,4,5,0,0
-48,8,4,1,0
-58,3,5,0,0
-74,5,2,1,0
-95,4,4,1,0
-46,4,1,1,0
-59,2,1,1,0
-62,4,4,0,0
-78,7,4,1,0
-63,5,5,0,0
-31,1,5,0,0
-50,3,1,1,0
-54,5,1,0,0
-70,5,5,1,0
-58,0,5,1,0
-79,0,5,0,0
-56,2,1,1,0
-69,3,5,1,0
-47,3,5,0,0
-44,7,3,0,0
-44,3,4,0,0
-54,1,4,1,0
-33,3,5,1,0
-91,4,3,1,0
-89,2,4,1,0
-91,4,1,1,0
-66,8,5,0,0
-51,2,1,1,0
-75,3,4,1,0
-36,9,4,1,0
-33,1,2,0,0
-77,4,1,0,0
-56,3,1,1,0
-60,2,1,0,0
-58,5,5,1,0
-86,7,5,1,0
-60,1,3,0,0
-91,4,2,1,0
-55,3,2,1,0
-28,2,4,1,0
-49,2,2,1,0
-93,0,3,1,0
-93,5,4,1,0
-76,2,3,1,0
-40,10,1,0,0
-33,4,2,1,0
-45,2,3,1,0
-55,2,4,1,0
-45,5,2,1,0
-61,2,3,1,0
-75,2,3,0,0
-55,4,2,0,0
-27,4,1,1,0
-42,4,5,0,0
-59,0,1,1,1
-45,2,1,1,0
-56,2,5,1,0
-72,7,1,0,0
-35,3,2,1,0
-77,6,2,0,1
-69,4,2,1,0
-76,2,2,0,0
-30,4,1,1,0
-48,3,4,1,0
-87,4,3,1,0
-32,3,2,1,0
-35,4,1,1,1
-73,2,1,0,0
-30,3,1,1,0
-77,0,5,1,0
-64,6,1,1,1
-52,7,5,1,0
-44,10,3,1,0
-88,0,1,1,0
-55,3,1,0,0
-63,2,5,1,0
-75,10,5,1,0
-84,3,1,1,0
-83,4,3,1,0
-64,5,2,1,0
-48,3,5,1,0
-63,3,2,1,0
-35,5,2,0,0
-32,1,1,1,0
-85,3,2,1,0
-69,5,3,0,0
-51,4,2,1,0
-95,0,4,1,0
-75,0,5,1,0
-41,1,5,1,0
-71,6,4,1,0
-75,3,1,1,0
-78,7,5,1,0
-90,6,3,0,0
-83,0,4,0,0
-39,3,1,0,0
-35,4,5,0,0
-33,6,2,0,0
-55,1,5,0,0
-56,4,2,1,0
-29,0,2,1,0
-87,2,4,0,0
-41,0,3,0,0
-58,6,1,1,0
-79,2,4,1,0
-59,2,4,1,0
-41,5,1,0,0
-68,5,1,1,0
-64,0,4,0,0
-64,1,1,1,0
-40,4,1,0,0
-67,0,4,1,0
-30,2,3,0,0
-86,1,4,1,0
-85,8,2,0,0
-29,2,5,1,0
-40,1,3,0,0
-63,4,1,0,0
-83,5,4,0,0
-26,1,2,0,0
-81,0,5,0,0
-65,0,5,0,0
-32,2,4,1,0
-50,8,1,1,0
-73,1,4,1,0
-77,3,3,1,0
-86,4,3,0,0
-67,2,3,1,0
-57,2,2,1,0
-39,1,5,1,0
-72,3,3,1,0
-70,7,4,1,0
-58,0,3,1,0
-45,4,2,1,0
-74,2,5,1,0
-59,1,2,0,0
-68,3,5,1,0
-58,2,2,1,0
-41,2,4,0,0
-71,4,2,1,0
-76,13,2,1,0
-85,6,3,0,0
-78,4,3,1,0
-62,3,2,0,0
-80,2,4,0,0
-85,5,4,0,0
-53,0,3,1,0
-53,3,2,1,0
-33,0,2,1,0
-62,3,3,0,0
-43,9,1,0,0
-28,8,3,1,0
-49,5,2,0,0
-55,1,3,1,0
-58,5,5,1,0
-75,5,1,1,0
-74,3,4,1,1
-29,5,4,1,0
-37,4,1,1,0
-27,1,2,1,0
-71,3,4,1,0
-89,2,2,1,0
-33,8,1,1,0
-95,10,5,1,0
-69,4,3,1,0
-47,5,4,1,0
-27,2,5,0,0
-84,2,3,1,0
-75,3,4,1,0
-75,4,5,1,0
-30,2,5,1,0
-32,1,1,1,0
-29,4,1,0,1
-26,5,1,0,1
-54,6,1,0,0
-87,7,1,0,0
-62,5,2,1,0
-34,2,4,0,0
-79,7,3,0,0
-95,5,4,0,0
-94,2,2,0,0
-48,4,3,1,1
-47,1,4,1,0
-44,2,3,0,0
-71,0,4,1,0
-45,2,3,1,0
-53,4,4,1,0
-49,3,2,1,0
-73,4,1,1,0
-36,4,2,1,0
-32,3,4,0,0
-94,0,1,0,0
-47,3,3,0,0
-41,3,1,0,0
-29,1,2,1,0
-53,0,3,1,0
-81,4,2,1,0
-45,3,1,1,0
-81,6,5,1,0
-61,3,5,1,0
-94,11,5,0,0
-39,4,3,1,0
-48,6,5,1,0
-83,7,1,0,0
-69,5,5,1,0
-42,1,4,1,0
-67,6,4,0,0
-71,7,1,1,0
-28,0,1,0,0
-30,4,3,1,0
-48,1,4,1,0
-42,1,1,1,0
-29,1,4,1,0
-65,7,5,0,0
-67,3,4,1,0
-77,6,3,1,0
-48,6,4,0,0
-29,0,4,0,0
-70,8,3,1,0
-33,3,1,1,0
-74,0,5,1,0
-84,0,1,0,0
-86,3,4,0,0
-62,3,4,0,0
-54,10,1,0,0
-73,2,3,1,0
-81,2,4,1,0
-93,6,3,1,0
-78,10,1,0,0
-79,3,3,0,0
-28,5,3,1,0
-65,4,3,1,0
-50,5,1,0,0
-34,7,3,1,0
-60,5,2,0,0
-36,3,4,1,0
-58,2,4,1,0
-95,4,1,0,0
-68,3,4,0,0
-76,1,5,1,0
-93,0,4,0,0
-39,0,5,1,0
-86,3,3,1,0
-60,3,2,1,0
-74,0,1,0,0
-33,1,2,1,0
-69,4,2,1,0
-66,0,2,1,0
-69,6,1,0,0
-85,4,1,1,0
-50,3,4,0,0
-79,5,1,0,0
-40,6,1,1,0
-59,4,2,1,0
-36,1,5,0,0
-43,6,4,1,0
-62,2,5,1,0
-27,3,3,1,0
-39,3,1,0,0
-66,4,2,0,0
-59,2,2,1,0
-43,3,1,0,0
-55,1,3,0,0
-90,0,2,1,0
-43,9,1,1,0
-80,5,2,1,0
-94,0,5,1,0
-65,6,4,1,0
-49,4,4,1,0
-76,4,1,1,0
-90,7,4,1,0
-64,5,1,1,0
-91,0,4,1,0
-77,7,3,0,0
-65,7,3,1,0
-78,2,1,0,0
-76,3,1,0,0
-30,3,3,0,0
-82,3,4,1,1
-51,4,5,1,0
-34,3,3,0,0
-75,5,3,1,0
-83,4,5,1,0
-92,0,2,1,0
-81,7,5,1,0
-37,0,1,1,0
-51,4,5,1,0
-65,8,4,1,0
-35,4,3,1,0
-26,3,4,0,1
-48,3,3,0,0
-73,6,2,1,0
-59,9,5,1,0
-41,8,3,1,0
-87,3,3,1,0
-39,1,2,0,0
-51,2,5,0,0
-51,3,2,1,0
-70,5,1,1,0
-31,2,5,0,0
-27,6,3,0,0
-92,6,2,1,0
-94,1,2,1,0
-59,8,1,0,0
-61,5,3,0,0
-60,1,1,1,0
-41,3,5,0,0
-51,1,5,1,0
-38,2,5,0,0
-34,3,5,1,0
-72,2,1,1,0
-44,4,2,0,0
-40,2,2,1,0
-31,0,4,1,0
-52,4,1,1,0
-58,2,5,1,0
-62,0,2,0,0
-42,0,5,1,0
-60,0,4,1,0
-31,4,1,0,0
-85,4,4,0,0
-44,2,1,1,0
-74,4,1,0,0
-41,0,5,0,0
-58,4,5,1,0
-46,5,1,1,0
-29,6,2,1,0
-54,1,3,0,0
-38,7,4,1,0
-41,4,5,1,0
-30,2,5,0,0
-52,2,1,1,0
-36,6,5,0,0
-59,0,4,1,0
-61,2,4,1,0
-37,1,1,1,0
-41,6,3,0,1
-34,4,1,1,0
-34,2,1,1,0
-76,1,5,1,0
-41,2,1,0,0
-80,4,1,1,0
-80,3,5,1,0
-49,6,2,0,0
-94,3,3,1,0
-64,0,2,1,0
-58,3,4,0,0
-43,11,3,1,0
-48,5,3,1,0
-62,2,2,1,0
-60,5,2,0,0
-32,5,4,1,0
-92,5,3,1,0
-65,1,4,1,0
-78,0,5,1,0
-78,6,1,1,0
-46,7,5,0,0
-62,1,2,1,0
-81,5,3,0,0
-51,8,4,0,0
-78,7,3,1,0
-33,1,4,1,0
-32,1,5,0,0
-68,2,3,1,0
-77,4,1,0,0
-44,2,4,1,0
-93,0,4,1,0
-30,4,5,0,1
-80,6,3,0,0
-55,4,5,1,0
-68,6,2,1,0
-54,2,2,1,0
-37,3,4,1,0
-65,3,3,1,0
-38,1,2,0,0
-55,7,4,0,0
-73,3,3,0,0
-44,5,2,0,0
-80,0,2,0,0
-37,5,1,0,0
-41,4,3,0,0
-93,4,5,0,0
-63,7,5,0,0
-69,3,1,1,0
-87,7,1,0,0
-73,2,1,0,0
-60,5,1,1,0
-46,7,5,1,0
-36,3,4,1,0
-90,3,2,1,0
-66,2,4,0,0
-35,6,1,0,0
-62,7,2,1,0
-72,3,5,1,0
-89,7,3,1,0
-55,1,3,0,0
-62,5,3,0,0
-59,4,4,1,0
-64,2,5,1,0
-68,5,3,1,0
-83,1,5,1,0
-90,8,2,1,0
-37,9,3,1,0
-95,4,4,1,0
-74,1,3,0,0
-63,4,5,0,0
-33,3,3,1,0
-61,3,2,0,0
-59,6,4,0,1
-75,5,3,1,0
-83,1,3,1,0
-55,3,2,0,0
-69,3,3,1,0
-89,0,5,1,0
-26,3,3,1,0
-56,2,3,0,0
-81,3,5,1,0
-92,6,4,0,0
-35,1,5,1,0
-85,4,5,0,0
-71,2,1,0,0
-80,7,5,0,0
-47,6,3,1,0
-27,6,5,1,0
-40,3,3,1,0
-69,6,3,1,0
-86,5,4,0,0
-70,2,2,1,0
-87,2,1,0,0
-42,0,2,0,0
-59,0,5,0,0
-81,4,5,1,0
-78,5,4,1,0
-68,0,5,0,0
-49,3,2,0,0
-42,2,4,1,0
-29,5,1,0,0
-33,5,4,1,0
-31,6,1,1,0
-79,1,1,0,0
-46,3,3,0,0
-30,3,1,1,0
-75,0,2,0,0
-55,3,1,1,0
-27,4,1,1,0
-33,8,4,1,0
-38,8,1,1,0
-45,6,2,1,0
-37,4,1,1,0
-53,4,5,1,0
-42,2,2,0,0
-29,2,1,1,0
-73,4,3,1,0
-57,7,5,1,0
-89,0,5,1,0
-86,3,2,1,0
-30,4,5,0,0
-71,1,2,0,0
-45,0,4,1,0
-50,6,1,1,0
-72,0,5,0,0
-51,6,1,1,0
-94,2,3,0,0
-95,4,3,1,0
-37,6,3,1,0
-61,5,5,0,0
-63,1,1,1,0
-65,4,4,0,0
-41,6,2,0,0
-84,3,2,1,0
-57,0,2,1,0
-95,8,1,1,0
-64,9,5,1,0
-35,3,2,1,0
-42,4,5,1,0
-44,4,5,0,0
-55,2,5,1,0
-77,1,4,1,0
-39,2,2,1,0
-48,4,1,0,0
-51,7,4,1,0
-54,2,1,0,0
-60,5,5,1,0
-81,1,3,1,0
-44,5,2,1,0
-72,2,5,1,0
-39,2,3,0,0
-81,5,3,0,0
-82,6,2,1,0
-88,1,2,1,0
-58,0,4,0,0
-75,0,3,0,0
-90,7,5,1,0
-66,4,3,1,0
-32,2,4,1,0
-79,0,5,0,0
-57,0,2,1,0
-65,0,1,1,0
-36,5,1,0,0
-62,7,2,1,0
-47,5,5,0,0
-81,10,4,1,0
-27,4,2,1,0
-74,0,5,0,0
-29,0,1,1,0
-94,3,1,1,0
-78,2,1,1,0
-51,2,2,1,0
-92,5,1,0,0
-65,10,5,1,0
-58,2,3,0,0
-40,2,1,0,0
-95,5,3,1,0
-68,4,5,1,0
-61,6,5,1,0
-27,3,3,1,0
-66,4,4,0,0
-61,4,5,1,0
-33,6,3,0,0
-34,4,3,1,0
-32,5,5,1,0
-28,5,1,1,0
-69,3,3,1,0
-88,2,3,0,0
-81,4,3,1,0
-78,3,5,1,0
-42,3,5,0,0
-56,0,4,1,0
-38,5,3,1,0
-49,8,4,1,0
-92,3,3,0,0
-81,2,2,1,0
-70,0,5,1,0
-57,6,5,0,0
-75,10,2,0,0
-85,1,1,1,0
-89,4,2,0,0
-64,0,3,1,0
-64,2,4,0,0
-90,3,4,1,0
-81,5,2,0,0
-46,5,3,1,0
-41,4,4,1,0
-36,7,3,1,0
-78,5,5,0,0
-28,3,2,1,0
-87,3,5,1,0
-65,7,5,1,0
-58,3,1,0,0
-62,5,5,0,0
-33,8,4,1,0
-42,2,4,0,0
-45,6,3,1,0
-45,5,2,1,0
-60,4,1,1,0
-39,2,5,0,0
-93,6,3,1,0
-68,4,3,1,0
-26,2,2,0,0
-52,4,5,1,0
-33,4,3,1,0
-75,5,4,0,0
-78,4,4,0,0
-45,0,4,1,0
-77,5,2,1,0
-28,3,4,1,0
-83,2,1,1,0
-60,5,3,1,0
-27,0,4,0,0
-51,2,5,1,0
-87,0,3,1,0
-39,3,3,1,0
-39,1,1,1,0
-36,3,3,1,0
-63,4,5,1,0
-35,4,4,1,0
-81,3,4,0,0
-74,9,3,1,0
-60,2,4,1,0
-28,7,3,1,0
-63,4,1,1,0
-64,8,5,0,0
-90,4,5,1,0
-63,4,3,0,0
-78,1,5,1,0
-78,1,2,1,0
-79,1,2,1,0
-61,3,1,0,0
-89,5,4,0,0
-82,1,2,0,0
-81,4,3,1,0
-78,2,4,0,0
-37,6,2,1,0
-78,2,1,1,0
-81,5,5,1,0
-84,0,4,1,0
-95,4,5,0,0
-54,3,4,1,0
-77,4,4,1,0
-59,3,1,1,0
-76,0,5,1,0
-95,2,1,1,0
-42,1,4,1,0
-86,7,4,1,0
-63,4,3,1,0
-30,8,5,0,0
-41,9,4,0,0
-51,3,4,0,0
-61,6,5,0,0
-72,4,3,0,0
-70,2,4,1,0
-45,0,5,0,0
-43,8,3,1,0
-37,0,1,1,0
-64,0,3,1,0
-29,0,2,1,0
-39,5,2,1,0
-92,8,5,1,0
-81,8,4,0,0
-85,1,2,0,0
-54,0,4,1,0
-38,6,1,1,0
-60,7,5,1,0
-27,3,3,1,0
-88,3,1,1,0
-65,0,5,0,0
-51,2,4,1,0
-65,2,1,0,0
-42,7,5,1,0
-49,3,3,0,0
-50,1,2,0,0
-46,2,4,0,1
-68,1,2,0,0
-80,4,2,1,0
-36,4,4,0,0
-39,3,5,0,0
-76,8,1,1,0
-50,8,1,0,0
-91,0,5,1,0
-33,1,4,0,0
-30,3,4,0,0
-93,2,5,1,0
-31,4,3,1,0
-80,4,4,0,0
-37,1,4,1,0
-34,0,3,0,0
-27,4,3,0,0
-47,5,1,0,0
-80,4,4,1,0
-62,0,1,1,0
-37,0,2,1,0
-47,2,3,0,0
-51,4,2,0,0
-54,2,3,1,0
-58,2,3,0,0
-37,1,5,0,0
-27,5,5,1,0
-76,3,4,1,0
-65,3,2,0,0
-76,3,2,1,0
-29,2,2,1,0
-68,5,5,1,0
-92,2,2,0,0
-73,4,2,1,0
-84,2,4,1,0
-78,2,1,1,0
-43,5,1,1,0
-89,5,1,1,0
-84,6,4,1,0
-82,3,2,0,0
-66,1,3,1,0
-47,1,3,0,0
-37,3,3,1,0
-47,6,4,0,0
-70,7,4,0,0
-48,6,1,1,0
-88,6,1,1,0
-94,2,1,1,0
-88,2,4,0,0
-60,9,4,1,0
-81,1,5,0,0
-94,6,4,1,0
-38,9,2,0,0
-65,1,5,1,0
-55,2,3,0,0
-94,5,1,0,0
-36,5,2,0,0
-29,0,3,0,0
-70,3,5,1,0
-41,3,1,0,0
-95,4,3,1,0
-32,1,2,1,0
-62,2,2,0,0
-92,6,5,1,0
-90,7,3,1,0
-61,2,4,0,0
-91,1,2,1,0
-52,4,5,0,0
-92,5,4,0,0
-83,0,3,1,0
-59,1,5,0,0
-67,0,2,1,0
-65,0,1,1,0
-79,5,4,1,0
-63,5,2,1,0
-49,1,2,1,0
-40,3,5,1,0
-80,3,1,0,0
-94,5,3,1,0
-73,5,3,1,0
-45,4,1,1,0
-35,3,4,1,0
-26,2,1,1,0
-54,1,5,0,0
-52,4,1,1,0
-53,1,2,1,0
-69,5,2,0,0
-52,3,5,0,0
-62,2,5,1,0
-40,0,4,0,0
-62,2,1,0,0
-70,3,2,1,0
-88,2,2,1,0
-59,0,5,1,0
-84,5,3,1,0
-93,2,2,1,0
-36,5,2,1,0
-60,3,1,1,0
-65,3,5,1,0
-27,3,5,0,0
-76,4,2,1,0
-60,7,1,1,0
-27,2,3,1,1
-63,3,2,0,0
-85,1,4,0,0
-48,6,2,1,0
-93,6,1,1,0
-59,6,2,1,0
-94,6,3,0,0
-73,2,1,1,0
-55,4,5,0,0
-76,2,4,1,0
-75,6,1,1,0
-79,3,2,1,0
-53,6,3,0,0
-64,5,4,1,0
-47,2,3,0,0
-47,5,3,0,0
-51,6,5,1,0
-55,6,5,1,0
-43,7,2,1,0
-68,2,4,0,0
-79,2,4,0,0
-62,4,4,1,0
-43,2,1,1,0
-75,0,3,1,0
-34,0,4,1,0
-63,1,3,1,0
-53,5,2,1,0
-83,6,5,1,0
-80,3,4,1,0
-36,3,4,0,0
-77,5,5,1,0
-54,4,4,1,0
-83,2,3,1,0
-47,6,1,1,0
-72,1,1,1,0
-66,1,2,0,0
-83,4,1,1,0
-34,2,2,0,0
-79,0,1,1,0
-91,0,1,1,0
-75,3,2,1,0
-34,3,2,1,0
-73,4,2,0,0
-61,9,2,1,0
-62,0,2,1,0
-50,5,1,1,0
-48,8,1,1,0
-73,1,2,1,0
-63,7,4,1,0
-55,0,4,1,0
-83,4,1,1,0
-84,4,4,1,0
-49,3,4,1,0
-60,0,1,0,0
-76,4,1,0,0
-70,6,2,0,0
-95,0,4,0,0
-39,10,5,0,0
-33,1,4,0,0
-41,4,5,0,0
-57,5,1,1,0
-81,7,1,1,0
-68,5,1,0,0
-52,1,5,0,0
-92,6,5,1,0
-78,2,3,1,0
-57,7,2,0,0
-91,7,1,0,0
-80,5,4,0,0
-53,2,4,0,0
-48,7,2,1,0
-44,5,3,1,0
-37,2,3,0,0
-81,0,3,0,0
-81,4,1,0,0
-28,3,4,0,0
-66,0,5,1,0
-87,3,2,1,0
-88,1,4,1,0
-41,6,5,1,0
-88,2,4,1,0
-46,4,4,1,0
-67,4,4,0,0
-79,4,3,0,0
-69,4,4,0,0
-72,3,5,1,0
-48,2,5,0,0
-94,2,1,0,0
-89,2,3,1,0
-37,5,4,0,0
-92,4,2,1,0
-71,7,3,0,0
-58,0,5,1,0
-54,3,1,0,0
-79,2,5,0,0
-43,3,3,1,0
-68,5,5,1,0
-72,4,4,1,0
-80,2,5,1,0
-65,2,2,1,0
-76,0,4,1,0
-48,5,5,0,0
-59,6,2,1,0
-95,4,5,0,0
-78,5,3,0,0
-78,4,2,1,0
-45,4,3,1,0
-40,3,2,1,0
-86,10,1,0,0
-31,8,2,1,0
-66,4,5,1,0
-41,0,4,1,0
-64,2,1,1,0
-77,5,2,0,0
-44,4,2,1,0
-94,2,3,0,0
-66,4,5,1,0
-58,4,2,0,0
-94,5,4,0,0
-38,2,5,0,0
-74,2,2,1,0
-62,1,5,0,0
-94,3,3,1,0
-87,3,4,1,1
-30,5,5,1,0
-76,6,2,0,0
-27,5,5,1,0
-82,5,5,0,0
-92,3,2,1,0
-66,3,5,1,0
-48,4,1,1,0
-90,7,1,1,0
-67,8,1,0,0
-55,5,1,1,0
-66,3,3,1,0
-57,5,5,1,0
-95,3,3,1,0
-26,8,5,0,0
-57,2,2,1,0
-92,7,3,1,0
-76,7,2,0,0
-48,0,2,1,0
-91,0,4,0,0
-54,2,1,1,0
-49,2,2,1,0
-54,1,5,1,0
-57,4,5,1,0
-95,3,1,1,0
-95,3,1,1,0
-86,9,5,1,0
-70,4,3,1,0
-33,6,3,1,0
-48,2,5,1,0
-50,1,1,1,0
-38,3,2,1,0
-85,3,3,1,0
-65,1,5,0,0
-48,10,3,1,0
-30,4,1,1,0
-36,6,4,1,0
-31,5,1,1,0
-82,3,2,1,0
-83,2,1,1,0
-63,2,3,0,0
-94,0,2,0,0
-51,2,5,0,0
-63,3,1,0,0
-86,6,2,1,0
-39,0,1,1,0
-74,4,1,0,0
-55,2,4,1,0
-90,6,4,1,0
-76,7,4,1,0
-63,7,4,0,0
-88,4,2,1,0
-85,11,5,0,0
-72,1,1,0,0
-70,1,5,0,0
-89,5,2,1,0
-51,5,1,0,0
-82,11,4,1,0
-43,1,3,1,0
-80,3,1,1,0
-73,6,3,0,0
-41,7,1,1,0
-93,5,5,1,0
-41,1,3,1,0
-39,0,4,1,0
-65,0,5,1,0
-46,3,5,0,0
-42,3,2,1,0
-82,7,5,1,0
-32,7,5,1,0
-31,7,1,1,0
-94,4,5,1,0
-62,3,4,1,0
-51,3,2,0,0
-30,2,1,0,0
-65,0,5,1,0
-35,3,4,1,0
-77,4,4,1,0
-59,0,1,1,0
-76,6,4,0,0
-78,2,1,1,0
-72,2,5,1,0
-82,7,2,1,0
-84,7,1,0,0
-83,5,2,1,0
-43,2,3,1,0
-61,3,2,1,0
-76,3,1,1,0
-50,5,3,0,0
-39,1,2,1,0
-61,3,1,0,0
-38,3,1,0,0
-62,5,1,0,0
-27,5,5,1,0
-56,5,3,0,0
-44,1,2,1,0
-62,4,4,0,0
-64,4,2,1,0
-77,3,3,0,0
-63,2,3,0,0
-66,3,2,1,0
-57,3,1,0,0
-48,5,1,0,0
-81,1,4,0,0
-92,6,1,1,0
-33,1,2,0,0
-71,3,4,1,1
-29,3,2,1,0
-57,3,3,1,0
-26,4,3,1,0
-66,7,4,1,0
-83,5,3,0,0
-49,5,1,1,0
-92,7,5,1,0
-60,6,2,1,0
-69,9,5,1,0
-74,5,5,1,0
-88,0,5,1,0
-31,6,1,1,0
-46,5,2,1,0
-75,3,1,1,0
-73,0,2,1,0
-90,3,1,0,1
-93,5,5,1,0
-39,8,1,1,0
-90,7,5,0,0
-88,1,5,0,0
-75,6,5,1,0
-62,7,1,0,0
-53,5,5,1,0
-41,5,1,0,0
-71,1,4,1,0
-76,5,4,1,0
-52,5,4,0,0
-84,4,4,1,0
-64,5,5,1,0
-64,2,4,1,0
-44,5,5,1,0
-67,2,1,1,0
-72,2,3,1,0
-42,2,2,1,0
-32,3,1,1,0
-31,10,3,0,0
-43,3,3,1,0
-75,8,1,1,0
-41,7,5,1,0
-74,0,4,1,0
-73,6,3,1,0
-26,1,1,0,0
-43,4,2,1,0
-71,1,5,0,0
-33,0,1,0,0
-83,3,1,1,0
-66,3,5,1,0
-47,3,2,0,0
-61,2,2,1,0
-65,4,5,1,0
-77,3,3,1,0
-90,4,5,1,0
-76,1,4,0,0
-77,5,1,1,0
-94,4,1,1,0
-46,0,2,1,0
-41,3,2,0,0
-40,3,4,0,0
-52,0,5,1,1
-73,2,5,0,0
-59,1,5,1,0
-48,1,2,1,0
-71,6,5,1,0
-45,0,4,1,0
-63,0,5,1,0
-75,1,1,0,0
-90,1,1,1,0
-48,2,2,0,0
-28,7,3,1,0
-55,5,5,1,0
-44,0,1,1,0
-33,5,2,1,0
-92,6,2,0,0
-92,6,5,1,0
-92,0,2,1,0
-54,4,5,1,0
-60,3,3,1,0
-27,3,4,0,0
-62,4,5,0,0
-60,1,2,0,0
-54,2,5,1,0
-78,7,2,0,0
-85,1,1,0,0
-39,3,4,1,0
-85,0,4,1,0
-45,4,1,0,0
-95,2,1,0,0
-74,5,5,0,0
-68,6,2,0,0
-74,3,3,1,0
-84,2,5,1,0
-86,1,2,0,0
-29,0,3,1,0
-90,6,2,1,0
-31,4,2,0,0
-79,0,2,1,0
-92,7,2,1,0
-45,2,4,0,0
-36,2,3,1,0
-34,2,3,0,0
-84,3,4,0,0
-52,8,2,1,0
-63,6,1,1,0
-86,2,2,1,0
-68,5,5,1,0
-53,4,1,0,0
-50,2,3,1,0
-57,3,4,1,0
-80,6,1,1,0
-66,2,3,1,1
-87,4,1,0,0
-92,7,5,0,0
-55,0,4,1,0
-57,1,3,1,0
-49,6,3,0,0
-51,8,3,0,1
-73,6,5,0,0
-81,7,2,1,0
-84,4,3,1,1
-90,5,5,0,0
-63,6,3,1,0
-39,1,1,0,0
-94,5,4,1,0
-53,6,3,1,0
-26,7,2,0,0
-91,0,4,0,0
-83,6,3,1,0
-78,1,1,1,0
-50,3,2,0,0
-30,7,4,0,0
-33,3,2,1,0
-91,3,4,1,0
-46,4,2,1,0
-44,6,3,1,0
-53,3,5,1,0
-53,2,4,0,0
-94,7,1,1,0
-79,6,2,1,0
-91,1,3,0,0
-51,5,4,1,0
-82,0,5,1,1
-94,4,5,0,0
-47,4,2,0,0
-39,4,3,1,0
-62,4,4,0,0
-85,5,5,1,0
-54,5,3,1,0
-82,2,5,0,0
-26,2,2,0,0
-70,2,1,1,0
-55,10,3,0,0
-93,7,1,0,0
-49,0,2,0,0
-83,4,1,1,0
-62,3,1,1,0
-29,8,3,1,0
-53,3,1,1,0
-67,7,5,0,0
-44,5,2,1,0
-31,3,5,1,0
-80,4,4,1,0
-62,5,2,0,0
-92,4,5,0,0
-80,6,4,1,0
-56,4,1,1,0
-49,7,5,1,0
-57,7,5,0,0
-67,6,3,1,0
-70,4,1,0,0
-27,7,1,1,0
-29,0,3,0,0
-48,6,1,1,0
-30,2,5,1,0
-76,1,4,0,0
-39,5,2,0,0
-30,3,4,0,0
-49,5,3,1,0
-40,2,3,0,0
-62,5,5,0,0
-46,3,5,0,0
-89,4,3,1,0
-53,1,4,1,0
-81,4,1,0,0
-89,1,4,1,0
-41,7,1,0,0
-83,6,5,1,0
-91,8,4,1,0
-31,3,3,1,0
-62,4,1,0,0
-27,11,3,0,0
-49,5,3,1,0
-55,2,1,0,0
-48,5,2,1,0
-39,2,2,1,0
-41,3,5,1,0
-71,4,5,0,0
-33,3,3,1,0
-70,2,2,0,0
-72,4,5,0,0
-67,5,3,1,0
-72,3,2,1,0
-58,6,3,1,0
-30,2,2,1,0
-53,5,3,1,0
-55,4,2,1,0
-29,1,4,1,0
-65,1,1,1,0
-58,3,3,1,0
-91,3,2,1,0
-64,3,2,1,0
-38,3,4,0,0
-78,1,3,1,0
-94,3,3,1,0
-83,5,5,0,0
-57,1,2,1,0
-72,4,4,0,0
-29,6,3,1,0
-64,1,3,1,0
-92,3,2,0,0
-61,0,4,0,0
-36,6,5,0,0
-34,9,1,0,0
-45,6,2,0,0
-54,2,4,0,0
-41,3,3,1,0
-74,3,1,1,0
-39,2,5,1,0
-76,4,2,0,0
-48,2,1,1,0
-91,4,3,1,0
-60,3,4,1,0
-32,5,4,1,0
-59,2,5,1,0
-43,2,5,1,0
-55,0,4,1,0
-89,3,5,1,0
-63,6,3,0,0
-58,4,2,0,0
-33,3,2,1,0
-86,11,2,1,0
-76,7,5,1,0
-56,3,5,0,0
-74,3,5,0,0
-67,0,3,0,0
-61,1,2,1,0
-93,1,3,0,0
-45,6,5,0,0
-58,6,3,0,0
-50,6,4,0,0
-54,2,5,1,0
-87,3,2,1,0
-94,3,3,0,0
-44,3,3,0,0
-43,0,3,0,0
-32,3,4,1,0
-30,3,3,0,0
-35,0,4,0,0
-81,0,3,0,0
-88,7,4,1,0
-65,3,3,1,0
-35,2,3,1,0
-48,0,4,0,0
-66,4,1,1,0
-87,3,5,1,0
-31,6,2,0,0
-53,5,2,0,0
-48,6,3,1,0
-80,5,2,0,0
-95,3,4,1,0
-70,4,4,0,0
-71,8,4,0,0
-32,0,3,0,0
-69,3,3,0,0
-52,2,4,0,0
-76,3,5,1,0
-29,4,3,0,0
-82,3,4,0,0
-45,6,1,0,0
-37,3,3,0,0
-77,2,1,1,0
-60,2,3,1,0
-90,7,5,0,0
-58,0,2,1,0
-41,1,1,1,0
-56,8,4,1,0
-51,0,2,1,0
-41,4,2,1,0
-86,5,1,0,0
-27,2,4,1,0
-86,3,1,0,0
-58,4,3,1,0
-70,5,4,0,0
-66,4,1,1,0
-47,1,2,1,0
-36,2,1,1,0
-48,5,2,1,0
-46,0,3,1,0
-72,2,1,1,0
-41,2,2,0,0
-46,3,5,1,0
-55,5,1,1,0
-31,4,2,1,0
-34,3,4,0,0
-69,6,1,0,0
-71,2,4,1,0
-28,6,4,1,0
-26,5,2,0,0
-66,0,3,1,0
-36,0,5,1,0
-65,3,4,1,0
-37,1,4,1,0
-85,11,3,1,0
-44,2,2,1,0
-54,2,5,0,0
-74,4,2,1,0
-41,0,3,1,0
-92,7,1,1,0
-59,2,3,1,0
-32,8,1,1,0
-33,5,2,1,0
-52,4,5,1,0
-68,3,3,0,0
-84,6,5,0,0
-59,1,4,1,0
-65,7,4,1,0
-35,7,4,0,0
-42,0,3,1,0
-28,4,4,0,0
-72,2,1,1,0
-31,5,1,0,0
-69,4,3,1,0
-70,0,5,1,0
-71,6,5,0,0
-91,4,3,1,0
-48,1,2,0,0
-47,2,1,1,0
-50,7,5,1,0
-95,5,1,1,0
-65,1,4,1,0
-26,0,3,1,0
-55,4,2,0,0
-63,2,3,1,0
-53,1,1,0,0
-64,0,2,1,0
-39,3,5,1,0
-87,1,5,0,0
-40,1,2,0,0
-26,0,1,1,0
-27,2,5,0,0
-27,6,1,1,0
-32,4,2,0,0
-39,10,2,0,0
-88,3,2,0,0
-73,2,4,0,0
-77,8,3,1,0
-34,4,5,0,0
-42,3,2,1,0
-63,7,4,1,0
-58,4,3,1,0
-67,4,4,1,0
-57,8,4,0,0
-36,4,3,1,0
-26,2,3,1,0
-46,7,1,0,0
-94,2,4,1,0
-87,3,5,1,0
-84,3,3,0,0
-38,1,4,1,0
-82,1,5,1,0
-94,4,4,0,0
-94,0,4,1,0
-55,1,2,0,0
-58,4,1,1,0
-93,3,3,1,0
-71,11,3,0,0
-35,6,3,1,0
-86,0,2,1,0
-46,0,2,0,0
-89,5,5,1,0
-59,6,2,0,0
-29,0,2,1,0
-36,5,5,0,0
-90,4,5,1,0
-64,4,2,0,0
-63,5,5,0,0
-71,5,5,1,0
-91,1,5,0,0
-38,4,5,1,0
-87,2,3,0,0
-55,4,3,1,0
-66,9,4,0,0
-60,2,4,1,0
-93,6,1,1,0
-37,4,2,1,0
-64,2,2,0,0
-47,3,4,0,0
-39,4,4,0,0
-88,2,5,1,0
-81,1,3,1,0
-45,4,4,1,0
-54,3,3,0,0
-71,2,1,1,0
-61,2,2,1,0
-46,3,5,1,0
-48,4,1,1,0
-86,3,5,0,0
-28,7,4,1,0
-92,4,3,1,0
-45,1,4,1,0
-49,3,3,1,0
-76,5,4,0,0
-27,1,1,1,1
-52,0,5,0,0
-27,2,5,1,0
-47,4,2,0,0
-27,1,2,0,0
-79,1,3,0,0
-58,0,3,0,0
-50,2,5,0,0
-52,5,5,0,0
-36,7,2,1,0
-44,2,3,1,0
-94,2,2,1,0
-68,3,4,1,0
-93,2,4,1,0
-61,3,4,0,0
-26,5,4,0,0
-32,5,5,1,0
-81,5,1,1,0
-34,0,4,0,0
-83,6,3,0,0
-58,2,5,0,0
-70,3,1,1,0
-31,2,4,0,0
-57,3,3,1,0
-76,2,4,0,0
-69,0,5,1,0
-76,2,2,1,0
-71,6,4,1,0
-46,6,2,0,0
-69,9,4,1,0
-62,0,5,1,0
-46,2,5,0,0
-66,2,5,0,0
-28,0,2,1,0
-92,6,5,0,0
-53,0,3,1,0
-94,2,3,0,0
-90,5,5,1,0
-62,0,5,1,0
-79,4,4,1,0
-44,4,2,0,0
-40,0,1,1,0
-30,5,2,1,0
-87,5,5,1,0
-55,2,1,1,0
-86,5,3,1,0
-75,2,5,1,0
-95,4,2,0,0
-68,4,3,0,0
-73,5,2,0,0
-52,3,2,1,0
-50,5,5,1,0
-36,1,3,1,0
-83,0,1,1,0
-75,6,5,1,0
-57,4,4,1,0
-27,6,2,1,0
-34,5,5,1,0
-85,2,3,0,0
-74,6,4,0,0
-89,5,2,1,0
-50,0,3,1,0
-58,0,4,1,0
-89,2,2,1,0
-87,0,5,0,0
-47,1,4,1,0
-36,2,3,0,0
-93,2,1,0,0
-90,6,3,1,0
-55,2,4,1,0
-56,3,2,0,0
-81,8,2,1,0
-86,3,1,1,0
-61,1,1,1,0
-57,3,5,0,0
-53,2,3,1,0
-79,3,5,1,0
-91,5,3,0,0
-52,3,5,1,1
-67,7,1,1,0
-49,15,2,1,0
-47,6,3,1,0
-36,4,3,1,0
-60,6,5,0,0
-57,14,2,0,0
-90,7,3,1,0
-78,3,3,1,0
-66,2,1,1,0
-30,7,1,1,0
-52,3,2,1,0
-76,8,5,1,0
-65,6,1,1,0
-30,4,3,1,0
-57,11,4,0,0
-31,3,4,0,0
-95,4,2,0,0
-78,3,1,1,0
-66,3,5,1,0
-63,2,5,0,0
-59,0,5,0,0
-80,2,3,1,0
-47,3,4,0,0
-77,6,3,1,0
-51,1,5,0,0
-68,1,2,1,0
-79,5,3,0,0
-68,6,3,0,0
-41,1,2,0,0
-34,6,1,1,0
-29,4,1,1,0
-71,7,5,0,0
-90,2,5,1,0
-61,3,1,0,0
-66,1,1,1,0
-80,2,1,0,1
-71,4,5,1,0
-53,2,2,1,0
-45,5,1,0,0
-87,5,3,0,0
-59,3,4,1,0
-86,4,5,1,0
-51,3,2,0,0
-36,3,4,1,0
-93,0,2,1,0
-45,3,1,0,0
-71,1,5,1,0
-66,3,5,0,0
-85,0,3,0,0
-67,6,1,1,0
-26,10,3,0,0
-78,5,4,1,0
-86,7,4,1,0
-59,7,3,1,0
-42,3,5,1,0
-49,0,4,0,0
-50,2,2,0,0
-94,4,1,1,0
-35,3,5,1,0
-52,3,2,1,0
-67,1,4,0,0
-71,6,4,1,0
-70,4,1,1,0
-71,5,1,0,0
-37,7,2,1,0
-69,11,3,1,0
-74,1,5,1,0
-36,4,2,0,0
-50,3,2,0,0
-92,5,5,1,0
-53,4,5,0,0
-30,2,5,1,0
-38,4,4,0,0
-34,3,4,1,0
-34,5,4,1,0
-49,2,1,1,0
-39,5,4,1,0
-74,3,2,0,0
-66,6,3,0,0
-46,3,5,1,0
-33,5,3,0,0
-68,2,1,0,0
-89,1,3,1,0
-86,4,2,0,0
-43,4,3,1,0
-66,6,4,1,0
-49,5,4,0,1
-76,0,2,0,0
-84,0,3,1,0
-32,3,1,1,0
-45,4,1,0,0
-40,2,4,0,0
-61,0,3,0,0
-73,8,4,1,0
-74,0,4,1,0
-60,4,4,1,0
-92,6,1,0,0
-95,8,2,0,0
-91,1,2,1,0
-73,2,3,0,0
-76,4,5,1,0
-78,7,4,0,0
-73,3,3,0,0
-73,7,3,0,0
-45,5,5,1,0
-54,5,3,0,0
-42,6,2,1,0
-77,4,2,1,0
-51,4,3,0,0
-35,5,4,1,0
-73,2,1,1,0
-66,1,2,1,0
-85,5,3,1,0
-60,3,1,1,0
-78,0,4,1,0
-60,1,1,0,0
-80,4,3,1,0
-56,6,3,0,0
-62,6,3,0,0
-89,1,5,1,0
-38,2,1,1,0
-30,6,4,1,0
-83,11,5,1,0
-88,2,3,0,0
-68,5,1,1,0
-78,6,1,1,0
-51,3,3,1,0
-45,2,2,0,0
-69,5,1,0,0
-93,3,2,0,0
-55,3,1,1,0
-83,2,1,1,0
-42,3,4,0,0
-84,5,1,0,0
-74,10,5,1,0
-63,6,3,0,0
-59,0,1,0,0
-81,7,1,1,0
-26,5,4,1,0
-70,4,1,1,0
-56,8,2,0,0
-69,3,2,1,0
-43,4,2,1,0
-74,4,2,1,0
-63,8,4,1,0
-39,0,4,1,0
-47,3,2,1,0
-54,1,1,0,0
-94,4,2,1,0
-33,0,1,1,0
-87,11,1,1,0
-35,0,3,1,0
-92,6,4,1,0
-88,4,5,0,0
-33,2,5,1,0
-61,3,4,1,0
-53,4,2,0,0
-85,6,5,0,0
-69,1,3,1,0
-71,2,5,0,0
-39,6,3,1,0
-83,3,1,1,0
-28,6,3,0,0
-84,3,1,0,0
-93,2,1,1,0
-27,3,4,1,0
-68,6,3,1,0
-69,4,2,1,0
-61,4,2,0,0
-56,7,2,1,0
-46,3,1,0,0
-66,1,3,1,0
-90,6,2,0,0
-92,4,5,1,0
-61,2,4,1,0
-59,4,2,0,0
-37,7,4,1,0
-28,1,3,0,0
-54,7,3,1,0
-77,2,2,1,1
-42,7,4,0,0
-52,4,2,1,0
-88,1,1,1,0
-52,2,2,0,0
-54,0,1,1,0
-40,4,4,1,0
-33,2,5,0,0
-69,2,1,1,0
-52,4,3,1,0
-86,3,4,0,0
-34,0,5,1,0
-42,7,5,1,0
-43,5,2,0,0
-35,1,1,1,0
-45,2,2,1,0
-26,6,4,1,0
-56,4,4,1,0
-90,3,4,1,0
-67,1,3,1,0
-82,4,2,0,0
-68,3,1,1,0
-74,5,5,1,0
-38,4,2,1,0
-56,1,1,0,0
-67,5,4,0,0
-27,2,2,1,0
-69,0,3,1,0
-63,0,1,1,0
-94,3,1,1,0
-95,4,3,0,0
-46,5,2,1,0
-38,3,5,1,0
-36,3,4,1,0
-55,4,3,1,0
-79,4,4,1,0
-69,0,1,0,0
-89,7,1,1,0
-48,4,3,1,0
-92,0,2,1,0
-80,3,4,1,0
-37,0,4,1,0
-33,0,2,1,0
-78,4,2,1,0
-73,4,4,1,0
-49,0,5,0,0
-76,6,1,1,0
-40,4,4,1,1
-70,0,4,0,0
-49,1,3,0,0
-69,5,2,1,0
-38,1,2,0,0
-47,4,4,0,0
-76,4,2,0,0
-72,2,3,0,0
-68,1,1,1,0
-27,3,2,0,0
-77,7,4,1,0
-35,3,3,1,0
-32,7,4,0,0
-67,3,4,1,0
-30,9,1,1,0
-42,2,4,1,0
-43,8,5,1,0
-60,4,2,1,0
-29,5,3,1,0
-67,4,2,1,0
-54,4,3,1,0
-45,2,4,0,0
-65,5,2,1,0
-42,2,5,1,0
-59,1,3,0,0
-81,1,1,1,0
-27,8,4,1,0
-55,2,2,1,0
-66,3,5,0,0
-45,5,4,1,0
-34,1,4,1,0
-80,3,2,1,0
-27,2,4,1,0
-34,7,5,1,0
-93,8,5,1,0
-27,4,4,1,0
-33,2,1,1,0
-65,3,2,1,0
-54,5,1,0,0
-72,6,1,0,0
-37,2,2,0,0
-73,2,5,0,0
-92,7,4,1,0
-87,8,3,0,0
-91,5,1,1,0
-43,3,1,1,0
-94,7,3,1,0
-89,1,1,0,0
-55,1,5,0,0
-65,4,5,0,0
-45,4,3,0,0
-67,9,5,1,0
-26,2,5,0,0
-91,7,4,1,0
-85,2,2,1,0
-92,3,1,0,0
-65,6,2,1,0
-26,5,5,1,0
-58,4,1,1,0
-91,0,3,0,0
-81,1,5,1,0
-95,2,5,1,0
-36,5,1,1,0
-41,7,1,1,0
-48,5,4,1,0
-89,0,2,0,0
-93,3,2,1,0
-95,0,4,0,0
-52,5,2,1,0
-67,4,2,0,0
-91,6,1,1,0
-92,6,3,1,0
-93,6,4,1,0
-62,4,1,1,0
-50,4,3,1,0
-45,8,3,0,0
-44,4,5,0,0
-71,3,5,1,0
-90,1,3,1,0
-31,3,4,1,0
-88,6,5,0,0
-95,5,1,0,0
-84,3,2,1,0
-33,3,5,1,0
-41,8,1,1,0
-54,3,3,0,0
-86,5,5,0,0
-85,9,3,0,0
-43,1,1,1,0
-65,0,3,1,0
-58,5,5,0,0
-93,7,3,1,0
-75,3,2,0,0
-77,6,3,0,0
-27,7,5,0,0
-45,6,1,1,0
-41,1,4,1,0
-92,3,1,1,0
-87,4,4,0,0
-71,4,4,0,0
-54,2,1,0,0
-86,7,4,1,0
-31,2,5,1,0
-51,3,3,1,0
-43,6,3,1,0
-43,3,2,1,0
-50,5,3,1,0
-56,7,1,1,0
-62,0,5,1,0
-85,0,4,0,0
-58,0,4,1,0
-80,5,5,1,0
-74,4,1,1,0
-60,0,1,0,0
-58,5,2,0,0
-84,2,3,1,0
-64,0,4,1,0
-74,6,4,1,0
-43,0,5,1,0
-32,5,5,1,0
-50,3,4,0,0
-91,5,1,0,0
-53,0,4,0,0
-89,5,3,0,0
-44,5,2,0,0
-88,1,2,0,0
-70,6,5,1,0
-80,5,3,1,0
-30,4,5,0,0
-65,3,4,0,1
-93,0,2,1,0
-50,7,3,1,0
-47,5,5,1,0
-55,7,5,0,0
-77,0,5,0,0
-56,7,5,0,0
-32,2,2,1,0
-92,0,3,1,0
-78,1,4,1,0
-63,4,5,0,0
-79,8,3,1,0
-54,2,5,1,0
-34,4,3,1,0
-35,2,2,0,0
-84,4,5,1,0
-82,2,1,0,0
-37,2,3,0,0
-80,3,5,1,0
-81,3,3,0,0
-81,0,4,1,0
-76,5,2,1,0
-79,3,2,1,0
-60,8,1,1,0
-89,1,1,1,0
-76,3,2,1,0
-39,4,2,0,0
-88,8,4,1,0
-78,4,2,0,0
-29,0,3,1,0
-53,3,1,1,0
-65,4,5,1,0
-77,6,1,1,0
-50,5,1,1,0
-66,2,4,1,0
-68,3,1,0,0
-63,4,3,1,0
-74,2,1,0,0
-69,1,2,1,0
-50,6,5,1,0
-77,3,4,0,0
-76,7,4,0,0
-79,4,3,0,0
-51,2,1,1,0
-66,3,3,1,0
-45,5,1,1,0
-48,6,2,0,1
-32,2,1,0,0
-61,3,1,1,0
-27,9,2,0,0
-68,2,4,1,0
-73,5,1,1,0
-36,0,5,0,0
-29,4,3,0,0
-80,4,3,1,0
-94,2,3,0,0
-45,5,1,1,0
-81,3,1,1,0
-36,12,5,0,0
-56,3,5,1,0
-61,0,3,1,0
-70,8,2,1,0
-51,0,5,0,0
-76,4,1,0,0
-70,1,5,1,0
-26,0,1,0,0
-46,1,3,1,0
-80,4,2,0,0
-85,3,3,1,0
-64,4,1,0,0
-95,1,4,0,0
-65,5,4,1,0
-47,5,3,1,0
-73,4,2,0,0
-77,6,1,1,0
-31,3,5,1,0
-56,1,4,0,0
-77,5,1,1,0
-92,0,2,1,0
-90,4,3,1,0
-27,4,3,1,1
-41,9,5,0,0
-68,5,3,1,0
-85,6,2,0,0
-60,4,3,0,0
-92,2,1,1,0
-69,4,1,1,0
-26,4,2,1,0
-61,6,2,1,0
-58,2,2,0,0
-82,6,2,0,0
-37,1,4,1,0
-88,4,3,1,0
-55,3,1,1,0
-63,3,1,1,0
-57,6,3,0,0
-36,1,2,0,0
-45,1,1,1,0
-77,0,4,0,0
-73,2,4,1,0
-42,5,2,1,0
-86,8,3,1,1
-60,0,3,1,0
-29,5,5,1,0
-33,6,2,1,0
-32,4,2,0,0
-27,5,1,0,0
-78,3,3,1,0
-52,3,1,1,0
-66,5,5,0,0
-47,3,5,1,0
-89,6,2,0,0
-32,3,1,0,0
-49,2,5,1,0
-57,2,1,1,0
-92,6,3,1,0
-59,3,1,1,0
-43,11,1,0,0
-44,11,5,1,0
-52,1,1,1,0
-31,6,3,1,0
-93,3,1,1,0
-50,2,2,1,1
-52,3,5,1,0
-71,5,5,0,0
-85,0,3,1,0
-85,8,1,1,0
-70,2,4,1,0
-44,3,2,1,0
-95,4,5,1,0
-27,5,3,1,0
-73,5,5,1,0
-58,4,1,1,0
-44,1,3,1,0
-95,0,4,1,0
-55,4,4,0,0
-83,3,5,1,0
-33,0,4,1,0
-58,6,4,0,0
-72,6,2,1,0
-29,1,2,1,0
-40,6,1,1,1
-44,3,3,0,0
-30,0,5,0,0
-64,5,2,0,0
-74,0,3,1,0
-60,3,3,1,0
-77,3,3,0,0
-63,3,4,1,0
-35,3,4,1,0
-88,6,5,1,0
-76,10,2,1,0
-51,1,1,0,0
-46,5,2,0,0
-74,3,1,0,0
-79,3,3,0,0
-37,1,3,0,0
-49,5,4,1,0
-51,1,4,0,0
-61,0,4,0,0
-59,7,5,0,0
-67,3,1,0,0
-72,4,3,1,0
-32,9,3,1,0
-47,7,3,1,0
-39,4,1,1,0
-41,5,2,1,0
-34,0,1,1,0
-32,4,3,1,0
-94,1,2,1,0
-37,2,2,0,0
-79,2,1,0,0
-80,4,1,1,0
-84,3,3,1,0
-67,7,5,1,0
-84,5,5,1,0
-92,7,1,0,0
-71,7,5,1,0
-29,3,5,1,0
-30,7,3,0,0
-65,1,3,0,0
-29,1,5,1,0
-55,4,5,0,0
-62,5,2,1,0
-72,4,5,1,0
-77,0,3,1,0
-87,3,2,0,0
-32,2,2,0,0
-72,7,3,0,0
-66,5,5,1,0
-90,0,1,1,0
-80,4,5,1,0
-84,2,2,0,0
-27,4,3,0,0
-27,4,4,0,0
-53,6,5,1,0
-29,4,3,0,0
-45,0,5,1,0
-36,6,1,1,0
-64,7,1,1,0
-85,2,1,0,0
-62,5,5,0,0
-31,6,2,0,1
-68,8,3,0,0
-56,1,5,0,0
-90,1,5,0,0
-65,8,1,1,0
-71,3,4,0,0
-88,4,3,1,0
-31,3,4,1,0
-32,1,2,0,0
-95,3,2,1,0
-65,4,3,1,0
-54,2,2,0,0
-72,1,5,1,0
-92,3,2,0,0
-42,4,5,0,0
-80,3,3,0,0
-50,3,4,1,0
-81,7,2,1,0
-75,1,5,0,0
-67,1,2,0,0
-67,7,2,1,0
-58,3,5,0,0
-43,7,1,0,0
-31,3,3,0,0
-81,3,5,1,0
-91,4,5,0,1
-94,5,2,1,0
-87,6,1,1,0
-79,1,1,1,0
-30,5,3,1,0
-37,4,1,1,1
-66,3,1,1,0
-73,1,5,0,0
-49,3,1,1,0
-48,7,2,1,0
-77,2,5,1,0
-61,5,4,1,0
-67,4,4,1,0
-71,2,5,1,0
-40,11,3,0,0
-47,0,1,1,0
-90,2,5,0,0
-34,3,3,1,0
-63,5,1,0,0
-60,5,1,1,0
-91,1,2,1,0
-54,1,2,1,0
-46,8,3,0,0
-26,0,1,0,0
-28,7,1,1,0
-84,7,5,1,0
-53,2,2,1,0
-63,2,5,1,0
-90,8,4,1,0
-69,5,5,1,0
-31,4,3,1,0
-39,2,1,0,0
-63,6,3,1,0
-67,5,3,1,0
-65,5,5,1,0
-50,1,5,1,0
-29,0,3,1,0
-29,0,1,1,0
-73,0,1,0,0
-34,4,5,0,0
-57,5,5,0,0
-30,6,4,1,0
-89,5,4,1,0
-49,3,1,1,0
-78,2,1,1,0
-27,8,3,0,0
-74,6,5,0,0
-49,0,1,1,0
-77,0,3,0,0
-51,6,5,1,0
-95,5,4,1,0
-41,3,1,1,0
-41,3,3,1,0
-79,4,1,1,0
-55,4,5,0,0
-69,3,3,0,0
-39,2,5,0,0
-27,1,1,1,0
-60,3,2,0,0
-77,3,2,0,0
-88,3,5,0,0
-79,6,5,1,0
-32,0,2,0,0
-80,9,5,1,0
-68,0,5,1,0
-85,6,3,1,0
-66,0,1,1,0
-53,2,3,1,0
-59,4,1,1,0
-88,3,1,1,0
-27,6,3,1,0
-39,10,4,0,0
-43,2,4,1,0
-62,2,1,0,0
-60,2,5,1,0
-59,2,2,1,0
-47,4,1,0,0
-44,3,4,0,0
-73,1,5,1,0
-70,3,3,0,0
-48,8,3,0,0
-32,2,4,0,0
-94,6,5,1,0
-31,7,4,1,0
-56,0,5,1,1
-70,6,3,0,0
-49,0,5,1,0
-63,8,5,0,0
-73,3,5,0,0
-94,8,5,0,0
-65,6,2,1,0
-40,2,4,1,0
-82,5,4,1,1
-69,3,3,1,0
-34,0,2,1,0
-61,1,4,1,0
-73,4,2,0,0
-77,4,4,1,1
-48,1,3,1,0
-57,9,2,0,0
-26,2,2,0,0
-83,6,2,0,0
-36,5,1,1,0
-34,3,1,1,0
-27,8,3,1,0
-26,3,1,0,0
-86,3,1,0,0
-72,1,3,1,0
-81,6,3,0,0
-77,0,5,1,0
-73,3,4,0,0
-36,3,4,0,0
-73,3,5,0,0
-56,2,1,1,0
-76,0,1,0,0
-65,8,2,0,0
-46,6,5,0,0
-49,7,3,1,0
-87,7,3,1,0
-38,1,4,0,0
-81,1,1,1,0
-92,2,5,0,0
-44,1,2,0,0
-81,3,4,1,0
-44,5,2,1,0
-50,1,5,1,0
-32,1,3,1,0
-59,11,3,1,0
-47,3,5,0,0
-88,4,3,0,0
-78,4,4,0,0
-41,0,2,0,0
-33,1,3,1,0
-90,7,5,0,0
-82,3,3,1,0
-77,7,1,1,0
-38,4,2,1,0
-95,4,4,0,0
-67,2,3,1,0
-36,3,3,1,0
-69,2,4,1,0
-86,6,1,0,0
-69,7,2,1,0
-48,0,3,1,0
-73,5,5,0,0
-79,2,4,1,1
-47,5,5,0,0
-42,0,1,0,0
-44,4,3,1,0
-60,0,1,1,0
-89,8,2,0,0
-52,4,1,1,0
-46,5,2,0,0
-95,4,1,0,0
-70,0,1,1,0
-84,5,1,0,0
-56,4,2,1,0
-79,7,3,0,0
-32,1,2,1,0
-62,5,3,1,0
-44,3,3,0,0
-74,3,2,0,0
-46,10,3,1,0
-92,4,1,0,0
-84,1,4,0,0
-49,3,2,0,0
-62,0,4,1,0
-87,7,2,0,0
-32,6,2,0,0
-87,5,3,1,0
-84,3,2,1,0
-55,0,5,0,0
-32,0,5,0,0
-40,1,1,0,0
-59,1,4,0,0
-29,4,3,1,1
-82,6,2,1,0
-93,12,2,0,0
-86,5,4,0,0
-61,0,1,1,0
-60,4,4,0,0
-85,8,5,0,0
-70,6,4,0,0
-38,2,4,0,0
-73,5,5,0,0
-72,9,5,1,0
-27,6,2,0,0
-30,1,4,0,0
-44,4,4,1,0
-38,9,2,1,0
-86,4,1,0,0
-78,4,4,1,0
-61,6,4,1,0
-92,6,1,1,0
-57,3,5,0,0
-67,2,4,1,0
-65,3,5,0,0
-60,5,1,1,0
-94,3,3,1,0
-61,0,5,1,0
-58,2,3,0,0
-39,1,3,0,0
-44,2,2,1,0
-95,3,4,0,0
-56,6,3,1,0
-59,6,5,0,0
-26,5,1,1,0
-55,2,2,0,0
-80,0,3,0,0
-38,5,1,0,0
-85,0,1,0,0
-26,3,4,1,0
-92,4,1,1,0
-54,4,5,0,0
-63,5,4,0,0
-36,2,4,1,0
-37,2,3,1,0
-93,1,2,0,0
-29,5,2,0,0
-68,2,2,0,0
-90,0,4,1,0
-48,1,5,0,0
-29,2,1,0,0
-44,2,5,0,0
-87,2,5,1,1
-31,0,3,1,0
-46,1,3,1,0
-36,1,4,0,0
-68,8,5,1,0
-91,1,3,1,0
-54,3,4,0,0
-60,2,1,1,0
-55,0,5,0,0
-58,2,5,1,0
-42,4,3,1,0
-64,2,2,0,0
-66,8,4,1,0
-89,3,1,0,0
-81,5,3,1,0
-72,6,2,1,0
-48,4,3,1,0
-27,4,3,1,0
-62,6,1,1,0
-89,0,5,0,1
-35,7,2,1,0
-72,6,1,1,0
-84,1,5,0,0
-34,0,3,1,0
-33,2,2,1,0
-93,5,3,1,0
-93,4,2,1,0
-53,5,1,0,0
-44,3,4,0,0
-37,2,2,1,0
-91,4,3,0,0
-57,11,1,1,0
-80,3,1,1,0
-31,0,5,0,0
-64,8,4,0,0
-75,5,2,1,0
-90,4,3,1,0
-36,5,1,1,0
-85,6,5,1,0
-45,3,3,0,0
-84,1,5,0,0
-37,8,2,1,0
-57,5,1,0,0
-89,2,4,1,0
-61,7,3,0,0
-87,3,1,0,0
-45,3,1,1,0
-65,1,5,1,0
-43,0,1,1,0
-89,5,5,1,0
-73,0,4,1,0
-51,4,1,1,0
-48,4,3,0,0
-50,4,4,0,0
-40,2,2,0,0
-50,0,2,0,0
-43,3,5,0,1
-66,3,4,1,0
-48,4,4,0,0
-93,7,3,0,0
-39,3,3,1,0
-87,4,1,0,0
-83,5,3,0,0
-38,3,2,0,0
-70,0,3,1,0
-87,4,5,1,0
-44,6,1,1,0
-43,2,3,0,0
-37,5,3,0,0
-33,3,4,0,0
-42,2,4,1,0
-45,0,1,1,0
-67,2,5,1,0
-51,4,3,0,0
-71,2,2,1,0
-67,4,1,1,0
-91,7,3,1,0
-73,6,1,1,0
-89,2,2,1,0
-76,6,4,1,0
-61,2,4,0,0
-65,2,2,0,0
-92,0,5,0,0
-35,3,1,0,0
-83,2,5,0,0
-44,4,2,1,0
-37,4,1,1,0
-32,1,4,0,0
-51,1,2,0,0
-76,7,1,1,0
-65,2,3,1,0
-56,1,3,1,0
-77,2,5,1,0
-93,3,3,1,0
-66,6,5,0,0
-83,6,2,0,0
-75,1,2,0,0
-41,4,5,0,0
-78,7,2,1,0
-36,2,2,0,0
-85,3,2,1,0
-94,3,1,1,0
-37,2,2,1,0
-77,5,2,1,0
-35,5,1,0,0
-90,4,4,1,0
-89,7,2,1,0
-46,2,4,0,0
-40,2,4,0,0
-62,1,2,1,0
-51,4,4,1,0
-48,2,2,0,0
-40,5,4,0,0
-89,4,1,0,0
-86,8,3,1,0
-58,5,1,1,0
-77,3,1,0,0
-41,5,4,1,0
-56,4,5,1,0
-69,2,3,1,0
-54,5,3,0,0
-62,5,1,0,0
-46,3,3,1,0
-87,6,4,0,0
-86,2,3,0,0
-49,2,3,1,0
-53,5,3,1,1
-61,5,1,1,0
-38,7,5,1,0
-59,0,2,1,0
-59,4,1,0,0
-37,5,4,1,0
-77,5,3,1,0
-41,4,1,1,0
-65,5,5,1,0
-55,6,3,0,0
-72,5,1,0,0
-38,5,2,0,0
-37,6,1,0,0
-65,6,5,1,0
-47,0,5,0,0
-88,5,4,0,0
-53,4,3,0,0
-58,2,4,1,0
-61,2,3,0,0
-71,0,3,1,0
-51,2,4,0,0
-61,4,4,1,0
-58,5,4,0,0
-26,1,3,0,0
-48,3,3,0,0
-33,0,1,1,0
-95,4,1,0,0
-80,1,2,0,0
-41,10,1,1,0
-47,4,2,0,0
-44,5,2,0,0
-65,3,1,1,0
-35,2,5,1,0
-79,2,5,1,0
-30,1,1,0,0
-32,11,3,1,0
-51,2,4,1,0
-49,2,3,1,1
-88,4,3,0,1
-59,8,2,0,0
-83,2,2,0,0
-81,2,1,1,0
-27,5,3,0,0
-85,10,3,0,0
-32,5,3,0,0
-45,4,4,0,0
-62,0,3,1,0
-54,6,4,0,0
-91,4,1,1,0
-53,2,2,1,0
-79,4,5,1,0
-90,5,1,1,0
-74,3,5,1,0
-82,1,2,1,0
-51,0,5,0,0
-40,4,1,1,0
-33,5,1,1,0
-92,4,3,0,0
-64,4,1,0,0
-48,0,4,0,0
-88,2,2,1,0
-34,4,3,1,0
-71,2,2,0,1
-58,6,4,1,0
-94,0,5,0,0
-38,2,2,0,0
-62,7,3,0,0
-73,4,1,1,0
-45,5,1,1,0
-81,8,2,0,0
-62,6,3,1,0
-88,3,3,0,0
-46,4,5,1,0
-93,4,2,1,0
-91,5,5,1,0
-86,7,2,1,0
-84,3,5,1,0
-34,6,3,1,0
-62,5,1,0,0
-26,2,1,0,0
-49,7,3,1,0
-62,1,2,1,0
-81,3,4,0,0
-85,4,5,1,0
-95,2,3,1,0
-31,3,3,1,0
-33,0,3,0,0
-71,0,4,1,0
-40,0,1,0,0
-92,3,2,0,0
-54,7,2,1,0
-30,7,5,1,0
-30,3,5,1,0
-48,5,3,0,0
-93,1,4,1,0
-82,4,3,0,0
-67,2,3,1,0
-64,0,5,1,0
-53,7,1,1,0
-85,2,5,1,0
-71,2,3,0,0
-58,3,4,0,0
-52,3,1,1,0
-38,4,3,1,0
-55,4,3,1,0
-69,0,2,0,0
-69,3,1,1,0
-46,2,3,1,0
-76,6,1,1,0
-95,1,5,1,0
-39,1,2,0,0
-91,2,2,0,0
-40,10,5,0,0
-92,8,3,1,0
-63,8,3,0,0
-68,0,5,0,0
-33,0,2,0,0
-51,1,1,0,0
-56,2,2,0,0
-45,6,5,0,0
-85,3,1,0,0
-49,6,4,1,1
-54,0,4,0,0
-40,5,1,1,0
-93,2,3,0,0
-64,3,2,1,0
-42,4,2,1,0
-86,6,5,0,0
-74,0,5,1,0
-84,9,1,1,0
-95,7,3,0,0
-89,3,5,1,0
-72,7,3,0,1
-88,3,1,1,0
-83,11,4,0,0
-33,0,5,0,0
-48,3,3,0,0
-65,3,4,0,0
-59,0,2,0,0
-70,4,1,0,0
-69,2,4,1,0
-87,5,3,1,0
-88,8,5,1,0
-54,7,2,1,0
-55,9,2,1,0
-43,4,3,1,0
-34,6,1,0,0
-45,3,4,1,0
-74,0,2,1,0
-60,4,5,0,0
-77,4,1,0,0
-52,2,4,1,0
-39,5,4,0,0
-55,6,1,1,0
-76,6,5,1,0
-44,5,1,0,0
-49,9,4,1,0
-87,4,1,0,0
-77,5,2,0,0
-47,3,3,1,0
-38,0,1,1,0
-44,7,5,1,0
-72,6,1,1,0
-79,1,3,0,0
-51,5,1,1,0
-51,4,5,0,0
-83,0,1,1,0
-73,1,5,1,0
-59,2,5,1,0
-76,0,5,1,0
-33,7,4,1,0
-39,5,2,1,0
-30,3,5,1,0
-92,2,1,1,0
-92,1,1,1,0
-48,4,4,1,0
-46,0,1,1,0
-70,4,4,1,0
-58,1,5,1,0
-73,4,3,0,0
-62,4,5,1,0
-89,1,1,1,0
-79,5,4,0,0
-79,3,4,1,0
-71,5,1,0,1
-27,6,2,1,0
-69,4,1,1,0
-30,6,5,0,0
-53,8,1,1,0
-71,5,3,0,0
-64,6,2,0,0
-42,1,1,0,0
-42,6,5,1,0
-84,0,1,0,0
-81,7,3,1,0
-40,8,3,1,0
-64,4,1,0,0
-26,3,1,1,0
-79,4,4,0,0
-34,1,1,0,0
-32,5,3,1,0
-81,6,3,1,0
-88,6,1,0,0
-46,7,1,1,0
-88,5,3,1,0
-63,4,3,1,0
-41,0,2,1,0
-58,6,4,0,0
-29,1,2,0,0
-41,5,2,0,0
-43,3,2,1,0
-70,3,2,1,0
-27,11,3,0,0
-27,4,3,1,0
-40,4,1,0,0
-58,2,5,1,0
-87,1,1,0,0
-52,2,3,1,0
-39,1,4,1,0
-82,7,1,0,0
-83,1,3,0,0
-95,3,2,1,0
-62,3,4,1,0
-50,0,3,1,0
-33,8,2,1,1
-57,1,3,0,0
-32,5,1,1,0
-26,4,3,0,0
-47,5,2,1,0
-36,0,1,1,0
-38,5,3,1,0
-55,2,3,0,0
-53,3,1,0,0
-83,2,1,1,0
-34,4,2,0,0
-39,7,2,0,0
-68,4,4,0,0
-60,2,1,0,0
-48,1,3,1,0
-69,6,3,0,0
-45,4,1,1,0
-42,1,5,1,0
-88,0,5,1,0
-70,0,4,0,0
-46,5,1,1,0
-74,6,1,0,0
-82,7,5,1,0
-92,0,3,1,0
-35,4,2,1,0
-28,1,3,0,0
-52,4,2,1,0
-50,1,3,1,0
-66,4,3,1,0
-49,2,5,1,0
-29,3,4,0,0
-90,4,2,1,0
-57,3,3,0,0
-60,6,4,0,0
-80,1,5,1,0
-77,6,4,1,0
-29,0,3,0,0
-34,8,3,0,0
-93,4,2,1,0
-26,1,4,0,0
-86,6,3,1,0
-70,7,1,1,0
-34,4,3,1,0
-71,3,5,1,0
-76,0,4,0,0
-91,4,3,0,0
-93,0,1,1,0
-62,1,4,1,0
-44,4,4,0,0
-29,5,4,0,0
-87,6,5,1,0
-71,5,4,0,0
-69,2,3,1,0
-76,1,1,0,0
-73,5,2,0,0
-90,6,1,1,0
-77,2,1,0,0
-78,0,2,1,0
-87,10,5,0,0
-35,5,5,1,0
-59,1,1,0,0
-95,1,1,1,0
-63,2,2,1,0
-58,4,1,1,0
-67,2,4,1,0
-26,2,1,0,0
-94,1,2,1,0
-42,3,2,0,0
-64,1,1,1,0
-80,4,2,1,0
-66,0,1,0,0
-62,2,2,0,0
-46,3,5,1,0
-28,1,2,1,0
-57,2,3,0,0
-88,6,3,1,0
-76,0,2,0,0
-77,2,1,1,0
-59,6,2,1,0
-52,4,3,0,0
-85,3,5,0,0
-79,5,1,0,0
-26,1,3,1,0
-38,7,1,0,0
-62,5,2,1,0
-28,3,2,1,0
-69,3,1,1,0
-92,1,1,1,0
-40,6,1,1,0
-41,2,5,0,0
-70,3,2,0,0
-45,2,5,0,0
-47,5,3,1,0
-75,2,4,1,0
-76,2,1,0,0
-47,3,5,1,1
-59,7,2,1,0
-65,4,5,1,0
-38,1,3,1,0
-31,4,2,0,0
-83,4,2,1,0
-84,0,4,0,0
-71,0,2,0,0
-50,3,3,1,0
-84,9,1,0,0
-82,7,1,1,0
-59,0,1,1,0
-95,0,3,0,0
-57,5,5,1,0
-94,3,3,0,0
-83,3,5,1,0
-67,1,3,0,0
-87,1,3,1,0
-29,1,2,0,0
-49,9,4,1,0
-28,2,1,0,0
-93,5,4,1,0
-28,0,2,0,0
-55,1,1,1,0
-78,2,5,1,0
-66,2,5,1,0
-51,7,4,1,0
-42,6,1,1,0
-61,1,5,0,0
-43,3,1,0,0
-57,2,2,1,0
-65,2,2,1,0
-83,5,2,0,0
-64,0,3,0,0
-62,4,1,1,0
-31,5,1,1,0
-62,3,1,1,0
-36,4,2,1,0
-50,8,2,1,0
-55,5,5,0,0
-35,5,1,0,0
-80,3,4,1,0
-66,4,4,0,0
-27,4,1,1,0
-51,7,4,0,0
-57,9,4,0,0
-62,4,3,1,0
-34,2,3,1,0
-57,0,1,1,0
-31,4,2,0,0
-26,2,5,1,0
-34,3,5,1,0
-57,0,1,0,0
-67,4,5,1,0
-46,0,2,1,0
-54,3,5,0,0
-33,5,2,1,0
-42,5,4,0,0
-60,0,4,1,0
-72,2,1,1,0
-72,4,5,0,0
-32,5,1,1,0
-80,7,1,1,1
-83,8,4,1,0
-65,4,3,1,0
-57,1,1,0,0
-35,9,4,1,0
-84,3,2,1,0
-89,2,4,0,0
-35,6,4,1,0
-73,6,3,1,0
-65,4,4,1,0
-39,0,2,0,0
-77,9,1,1,0
-29,1,1,1,0
-30,1,2,1,0
-89,0,1,0,0
-84,2,2,1,0
-91,8,3,1,0
-79,4,1,0,0
-76,3,4,1,0
-94,2,1,1,0
-63,3,2,1,0
-81,0,2,1,0
-92,1,3,1,0
-31,2,5,1,0
-68,0,5,0,0
-54,0,1,1,0
-69,3,4,1,0
-52,11,5,1,0
-47,2,2,1,0
-40,2,1,0,0
-62,4,2,0,0
-32,2,5,1,0
-74,4,4,0,0
-43,0,3,0,0
-42,0,2,1,0
-78,0,3,1,0
-78,4,4,1,0
-91,2,4,0,0
-80,3,2,1,0
-68,5,1,0,0
-89,2,2,0,0
-87,4,5,0,0
-81,3,1,0,0
-77,0,3,0,0
-47,1,5,0,0
-61,2,3,1,0
-94,0,5,1,1
-47,3,4,0,0
-55,5,3,1,0
-34,0,4,1,0
-86,3,5,1,0
-85,2,2,1,0
-54,7,4,1,0
-90,6,3,1,0
-67,3,3,1,0
-62,4,2,1,0
-58,0,3,0,0
-59,0,4,1,0
-49,3,2,1,0
-69,6,3,1,0
-29,4,5,1,0
-38,3,4,1,0
-84,4,2,1,0
-76,6,4,0,0
-73,13,4,1,0
-33,3,4,0,0
-53,5,2,0,0
-35,8,4,1,0
-35,1,4,0,0
-35,0,5,1,0
-74,6,3,1,0
-71,4,5,1,0
-92,2,2,0,0
-73,3,1,1,0
-44,2,4,1,0
-58,1,4,1,0
-55,4,3,0,0
-83,8,1,1,0
-49,6,3,1,0
-82,7,3,0,0
-37,5,5,0,0
-89,7,5,1,0
-79,3,3,1,0
-29,2,4,0,0
-88,0,3,1,0
-40,0,4,1,0
-39,1,4,0,0
-28,6,2,1,0
-48,8,4,1,0
-50,3,1,0,0
-67,3,5,1,0
-26,1,3,1,0
-93,5,2,1,0
-90,3,1,1,0
-71,5,3,0,0
-49,9,4,1,0
-45,3,5,0,0
-81,5,4,1,0
-91,2,4,0,0
-66,2,2,1,0
-53,7,5,0,0
-75,5,5,0,0
-36,2,5,1,0
-48,4,1,1,0
-78,4,2,0,0
-47,0,2,0,0
-92,2,3,1,0
-72,3,1,1,0
-80,5,3,1,0
-75,3,4,1,0
-35,1,4,1,0
-81,3,5,1,0
-95,4,5,1,0
-72,6,3,1,0
-45,4,3,0,0
-80,5,4,0,0
-88,0,1,0,0
-54,3,2,1,0
-86,3,1,0,0
-40,4,5,0,0
-44,3,4,1,0
-55,0,5,1,1
-52,2,5,0,0
-90,3,2,1,0
-63,4,1,0,0
-90,2,4,1,0
-59,3,2,1,0
-48,1,4,1,0
-48,5,5,1,0
-89,2,5,0,0
-37,4,5,0,0
-36,0,5,1,0
-70,2,3,0,0
-82,3,1,1,0
-54,6,3,0,0
-91,2,4,1,0
-36,3,4,0,0
-47,3,3,0,0
-86,4,3,1,0
-49,3,2,1,0
-80,2,4,0,0
-66,3,4,1,0
-57,5,4,0,0
-81,3,5,1,0
-72,4,1,1,0
-26,5,2,1,0
-69,5,5,1,0
-54,6,1,1,0
-64,0,4,0,0
-55,4,5,1,0
-26,3,2,1,0
-66,3,1,1,0
-94,8,5,1,0
-30,6,5,0,0
-67,4,1,0,0
-91,7,1,0,0
-31,4,2,1,0
-93,6,1,1,0
-39,4,3,1,0
-91,5,5,1,0
-55,0,3,0,0
-73,0,4,0,0
-77,3,1,1,0
-72,9,1,1,0
-60,3,2,1,0
-94,4,4,1,0
-28,5,2,0,0
-63,0,2,1,0
-86,5,1,1,0
-31,3,2,1,0
-38,5,2,0,0
-92,2,3,0,0
-79,4,1,1,0
-64,8,1,1,0
-34,0,1,1,0
-56,4,4,0,0
-76,3,2,1,0
-55,2,2,0,0
-29,0,5,1,0
-51,2,5,0,0
-38,0,2,1,0
-86,4,2,0,0
-70,3,5,1,0
-42,6,3,1,0
-50,2,1,1,0
-30,6,3,1,0
-81,2,3,1,0
-41,4,4,1,0
-58,2,3,0,0
-29,3,1,1,0
-70,2,2,1,0
-54,3,3,1,0
-89,2,5,1,0
-70,4,5,1,0
-80,7,3,0,0
-52,0,2,1,0
-62,4,5,0,0
-59,3,2,0,0
-28,2,2,1,0
-83,2,1,0,0
-53,4,2,1,0
-66,5,3,1,0
-61,6,1,1,0
-89,4,5,1,0
-61,0,4,1,0
-54,4,2,0,0
-44,3,5,1,0
-33,5,1,1,0
-78,6,5,1,0
-46,4,2,0,0
-54,4,2,1,0
-51,3,5,0,0
-75,2,3,1,0
-26,4,2,0,0
-84,4,5,0,0
-40,2,5,1,0
-91,3,3,1,0
-68,2,3,0,0
-52,4,5,0,1
-34,4,4,0,0
-72,5,1,0,0
-32,1,1,1,0
-93,0,5,0,0
-44,6,5,0,0
-57,4,1,1,0
-40,4,4,1,0
-32,4,3,1,0
-44,3,3,1,0
-80,4,4,1,0
-27,5,2,1,0
-77,5,3,0,0
-53,5,3,1,0
-41,7,5,0,0
-87,3,2,1,0
-37,6,1,1,0
-41,0,5,1,0
-59,0,1,1,0
-87,4,4,0,0
-41,5,3,1,0
-37,3,5,1,0
-32,4,2,1,0
-51,6,3,0,0
-32,3,1,1,0
-88,4,5,1,0
-57,7,1,0,0
-73,4,2,1,0
-40,8,5,0,0
-73,1,1,1,0
-67,4,1,0,0
-26,0,4,1,0
-32,1,2,1,0
-63,4,3,0,1
-61,8,4,1,0
-56,3,5,0,0
-40,4,5,0,0
-41,7,4,0,0
-66,5,5,1,0
-69,3,5,1,0
-41,0,5,1,0
-49,3,3,1,0
-67,5,1,1,0
-41,3,3,0,0
-40,4,1,1,0
-81,1,2,0,0
-69,0,1,0,0
-45,6,1,1,0
-68,2,2,1,0
-54,4,3,1,0
-69,2,3,1,0
-95,0,3,1,0
-44,3,2,0,0
-78,2,2,0,0
-87,3,1,1,0
-90,1,1,0,0
-81,4,4,0,0
-60,5,2,0,0
-65,1,2,0,0
-48,0,1,0,0
-77,6,1,0,0
-80,6,3,0,0
-30,4,3,1,0
-85,5,5,1,0
-54,1,2,0,0
-93,3,4,1,0
-70,1,1,1,0
-58,9,3,0,0
-80,1,5,1,0
-56,5,4,1,0
-64,0,3,0,0
-81,0,4,0,0
-40,5,3,1,0
-84,7,1,1,0
-54,3,5,1,0
-80,5,4,0,0
-85,7,3,1,0
-32,5,2,0,0
-79,2,5,1,0
-29,0,4,0,0
-87,2,5,0,0
-88,1,1,1,0
-67,0,3,1,0
-78,8,4,0,0
-70,0,3,0,0
-91,4,1,1,0
-57,0,4,0,0
-40,3,5,1,0
-66,6,4,0,0
-49,4,2,0,0
-64,3,2,0,0
-71,2,5,1,0
-91,11,2,0,0
-77,3,2,1,0
-89,4,1,0,0
-86,4,5,1,0
-81,1,3,0,0
-55,5,2,0,0
-35,3,4,0,0
-57,3,2,0,0
-47,2,5,0,0
-51,4,3,1,0
-65,6,5,0,0
-83,4,3,0,0
-51,2,5,1,0
-77,3,2,1,0
-65,1,5,1,0
-43,9,1,1,0
-84,7,4,1,0
-67,0,4,1,0
-74,6,1,0,0
-81,5,1,1,0
-50,7,1,1,0
-65,6,3,1,0
-74,0,2,1,0
-58,5,5,0,0
-77,2,2,1,0
-27,3,3,0,0
-28,5,5,1,0
-63,2,2,0,0
-34,2,3,1,0
-42,5,5,1,0
-56,2,4,0,0
-28,4,4,1,0
-95,2,4,1,0
-62,1,1,0,0
-89,4,3,1,0
-49,1,3,1,0
-59,4,4,0,0
-62,6,1,0,0
-61,4,2,0,0
-44,3,2,1,0
-61,6,3,1,0
-85,3,4,0,0
-64,5,3,1,0
-74,5,2,1,0
-35,3,1,0,0
-90,3,3,0,0
-62,7,5,1,0
-46,4,4,1,0
-35,0,4,1,0
-49,3,1,0,0
-54,9,1,1,0
-37,3,4,0,0
-52,5,1,0,0
-58,2,4,0,0
-82,6,1,0,0
-54,2,5,1,0
-49,5,5,0,0
-74,1,3,0,0
-35,5,1,1,0
-89,3,3,0,0
-28,8,4,0,0
-74,5,2,1,0
-43,2,3,1,0
-62,7,1,1,0
-52,1,3,1,0
-78,5,5,1,0
-88,5,4,0,0
-31,5,5,1,0
-72,1,1,1,0
-75,4,1,1,0
-36,4,4,1,0
-33,3,4,1,0
-48,2,4,0,0
-70,2,4,0,0
-49,1,4,0,0
-46,5,3,1,0
-86,6,2,1,0
-28,0,4,0,0
-55,5,4,1,0
-41,1,3,1,1
-86,3,3,1,0
-84,2,5,1,0
-78,5,5,0,0
-41,10,1,0,0
-89,1,4,1,0
-76,6,3,0,0
-54,7,2,1,0
-62,0,3,0,0
-82,3,5,1,0
-58,4,3,1,0
-89,3,4,0,0
-36,2,1,1,0
-54,4,1,0,0
-58,2,2,1,0
-61,2,1,0,0
-62,6,1,0,0
-95,3,3,1,0
-55,2,2,1,0
-29,5,3,0,0
-62,4,2,1,0
-58,4,5,1,0
-60,8,3,0,0
-66,1,1,1,0
-69,1,3,1,0
-51,7,3,1,0
-71,6,4,0,0
-67,2,2,1,0
-71,4,5,0,0
-59,0,5,1,0
-50,7,2,0,0
-90,5,4,0,0
-45,6,3,0,0
-50,4,2,1,0
-30,3,3,1,0
-56,4,5,1,0
-54,0,4,0,0
-33,7,2,0,0
-39,0,3,1,0
-67,6,2,1,0
-36,4,2,0,0
-81,0,5,0,0
-86,5,1,1,0
-67,4,4,0,0
-88,5,3,0,0
-27,6,5,0,0
-85,3,4,1,0
-89,4,2,0,0
-73,2,2,1,0
-86,0,3,1,0
-46,5,4,0,0
-29,3,2,0,0
-40,0,1,1,0
-45,2,2,1,0
-63,3,1,1,0
-82,4,3,1,0
-69,0,5,0,0
-68,5,1,1,0
-67,6,3,1,0
-36,2,5,1,0
-53,7,2,1,0
-38,5,1,1,0
-94,3,5,1,0
-80,3,5,1,1
-26,0,2,1,1
-89,3,5,1,0
-83,3,1,1,0
-68,5,2,1,0
-72,1,3,1,0
-60,1,1,1,0
-67,1,4,0,0
-90,4,4,1,0
-57,4,3,0,0
-38,9,3,1,0
-44,3,4,0,0
-75,0,5,1,0
-68,3,3,0,0
-71,3,2,1,0
-67,0,1,0,0
-59,6,2,1,0
-45,9,1,1,0
-42,8,1,0,1
-57,1,3,1,0
-30,6,4,1,0
-69,5,4,1,1
-78,6,2,0,0
-37,9,2,0,0
-68,6,2,0,0
-94,3,2,0,0
-35,0,5,1,0
-46,3,4,0,0
-29,1,2,0,1
-76,5,3,1,0
-86,2,2,1,0
-29,2,2,1,0
-95,5,4,1,0
-73,4,3,1,1
-63,3,3,1,0
-60,6,3,1,1
-88,2,2,1,0
-69,0,1,0,0
-74,4,4,1,0
-35,3,2,1,0
-86,5,3,1,0
-93,5,1,1,0
-42,2,5,0,0
-70,8,2,1,0
-75,2,2,1,0
-80,0,4,0,0
-36,4,2,0,0
-36,7,5,0,0
-44,3,4,1,0
-32,5,2,0,0
-95,5,2,0,0
-94,0,2,1,0
-44,7,4,1,0
-94,7,4,0,0
-35,2,3,1,0
-27,3,5,0,0
-34,0,2,0,0
-46,4,3,1,0
-64,3,2,0,1
-63,5,4,0,0
-73,6,2,0,0
-27,6,1,0,0
-76,6,4,0,0
-29,3,4,0,0
-39,4,5,1,0
-89,3,3,1,0
-75,0,1,0,0
-80,3,1,1,0
-86,6,5,0,0
-92,4,5,0,0
-90,8,3,1,0
-92,3,3,1,0
-53,6,2,1,0
-35,5,3,0,0
-87,0,3,1,0
-39,8,5,0,0
-77,4,4,1,0
-70,3,1,1,0
-52,1,2,1,0
-29,8,3,1,0
-66,0,2,1,0
-92,0,1,0,0
-74,0,2,0,0
-95,4,4,1,0
-72,8,3,1,0
-66,4,2,1,0
-72,8,5,1,0
-63,5,5,0,0
-49,0,1,1,0
-33,1,4,0,0
-90,2,2,1,0
-26,7,2,1,0
-89,5,2,1,0
-67,4,2,0,0
-61,6,5,1,0
-59,1,2,1,0
-76,8,4,0,0
-46,1,5,0,0
-27,2,3,1,0
-65,1,5,1,0
-58,10,4,0,0
-77,3,3,0,0
-48,7,4,1,0
-44,2,5,1,0
-57,6,3,0,0
-58,5,2,1,0
-59,4,4,1,0
-66,6,5,0,0
-57,5,5,0,0
-31,9,5,0,0
-82,5,5,0,0
-46,2,4,1,0
-53,5,1,1,0
-95,2,1,0,0
-83,2,5,1,0
-89,2,4,1,0
-55,4,1,1,0
-37,0,5,1,0
-68,7,4,1,0
-90,7,5,1,0
-58,5,5,0,0
-75,4,4,1,0
-78,3,3,1,1
-74,0,2,1,0
-74,3,5,1,0
-70,0,5,1,0
-27,6,5,0,0
-87,1,2,0,0
-61,3,2,1,0
-39,6,4,1,0
-74,7,2,0,0
-91,0,3,1,0
-50,5,5,1,0
-46,0,2,0,0
-93,5,2,0,0
-49,6,1,0,0
-56,1,2,1,0
-72,2,3,1,0
-50,2,3,1,0
-49,4,5,1,0
-63,5,5,0,0
-28,5,3,0,0
-68,8,2,0,0
-84,0,4,0,0
-38,6,3,1,0
-49,1,5,0,0
-53,7,1,1,0
-56,1,1,0,0
-84,6,5,1,0
-47,6,4,0,0
-27,3,1,1,0
-93,6,5,1,0
-57,5,5,0,0
-62,1,5,0,0
-46,6,1,1,0
-37,0,3,1,0
-57,5,3,1,0
-80,7,5,1,0
-65,1,5,0,0
-52,1,1,0,0
-73,1,3,1,0
-68,3,4,0,0
-68,6,4,0,0
-93,3,3,1,0
-78,7,5,0,0
-52,3,3,1,0
-64,5,2,0,0
-87,7,1,1,0
-64,3,1,0,0
-59,2,2,0,0
-78,2,1,1,0
-30,4,2,1,0
-93,3,4,0,0
-31,4,5,1,0
-86,4,4,0,0
-26,4,3,0,0
-73,2,4,1,0
-81,5,2,1,0
-64,4,3,1,0
-94,5,4,0,0
-80,2,4,1,0
-69,6,4,0,0
-52,8,5,0,0
-34,6,5,1,0
-62,2,4,0,0
-90,6,4,1,0
-43,2,5,1,0
-88,5,1,0,0
-36,4,5,0,0
-63,5,2,0,0
-78,8,3,1,0
-28,0,4,1,0
-94,1,5,1,0
-46,3,4,1,0
-27,4,3,0,0
-89,7,3,1,0
-95,2,3,0,0
-73,0,3,0,0
-88,0,4,1,0
-31,0,3,0,0
-67,6,1,0,0
-63,4,3,0,0
-63,2,1,1,0
-63,1,4,0,0
-91,3,1,1,0
-50,6,1,0,0
-47,4,4,1,0
-74,6,3,0,0
-34,5,1,1,0
-44,3,1,0,0
-87,3,5,1,0
-83,2,4,1,0
-28,5,1,1,0
-40,4,5,1,0
-52,3,4,0,0
-58,7,2,1,0
-84,1,3,1,0
-82,4,5,1,0
-29,2,3,1,1
-30,5,3,0,0
-64,0,2,0,0
-70,4,5,1,0
-71,2,1,1,0
-32,4,1,1,0
-51,5,5,1,0
-84,1,2,1,0
-44,3,4,0,0
-28,2,2,1,0
-87,2,1,1,0
-90,4,4,1,0
-85,6,2,0,0
-77,8,3,1,0
-51,6,2,0,0
-81,1,3,1,0
-54,0,3,1,0
-56,0,4,0,0
-95,0,4,1,0
-84,8,5,1,1
-78,2,5,1,0
-31,9,3,1,0
-62,2,5,1,0
-26,3,3,1,0
-84,7,5,1,0
-83,3,3,0,0
-90,0,5,1,0
-61,2,5,0,0
-81,5,4,1,0
-64,3,2,1,0
-90,2,5,1,0
-79,2,1,1,0
-33,0,3,1,0
-53,3,4,1,0
-72,3,4,0,0
-77,3,3,0,0
-44,1,1,1,0
-70,5,3,1,0
-68,4,5,1,0
-45,1,3,0,0
-34,11,2,1,0
-73,6,4,1,0
-27,5,3,0,0
-58,3,4,1,0
-53,3,2,1,0
-87,6,1,1,0
-30,3,4,1,0
-55,7,2,1,0
-68,4,4,0,0
-70,2,3,1,0
-43,4,4,1,0
-59,1,2,1,0
-71,5,2,0,0
-49,6,1,1,0
-50,5,5,1,1
-40,5,3,1,0
-75,2,1,1,0
-40,2,3,1,0
-49,2,5,1,0
-87,5,1,1,0
-59,4,1,0,0
-78,0,4,0,0
-91,2,3,0,0
-64,1,5,1,0
-54,1,4,1,0
-37,6,5,1,0
-76,4,5,1,0
-86,3,3,0,0
-27,0,1,0,0
-81,7,2,0,0
-80,0,3,1,0
-31,4,2,0,0
-91,1,3,0,0
-87,6,2,1,0
-38,4,5,0,0
-62,3,5,0,0
-70,2,1,0,0
-56,4,3,1,0
-63,4,1,0,0
-54,3,4,1,0
-93,6,5,0,1
-39,4,5,1,0
-38,2,5,0,0
-47,7,1,1,0
-65,5,4,0,0
-34,7,4,1,0
-87,6,2,1,0
-80,0,4,0,0
-40,5,3,1,0
-33,6,3,0,0
-44,6,3,0,0
-54,4,3,0,0
-27,0,4,1,0
-62,4,4,1,0
-50,1,5,1,0
-81,10,4,1,1
-26,8,3,1,0
-30,5,3,0,0
-56,3,1,1,0
-49,1,4,1,1
-66,0,3,1,0
-77,4,3,0,0
-46,1,3,1,0
-83,4,5,0,1
-58,3,4,0,0
-88,6,4,1,0
-74,4,3,1,0
-87,9,3,0,0
-91,1,4,1,0
-65,5,2,1,0
-50,4,4,0,0
-49,4,5,1,0
-26,4,1,0,0
-52,5,3,1,0
-83,5,1,1,0
-33,4,3,1,0
-48,1,2,0,0
-71,1,1,1,0
-55,2,5,0,0
-83,4,2,0,0
-29,1,1,1,0
-45,4,3,1,0
-65,1,3,0,0
-83,3,5,1,0
-81,0,4,0,0
-42,1,5,1,0
-65,3,4,1,0
-92,3,5,1,0
-65,2,3,1,0
-86,0,5,1,0
-44,3,3,0,0
-64,0,2,1,0
-81,2,5,0,0
-54,1,3,1,0
-70,4,1,1,0
-46,4,1,0,0
-84,6,3,1,0
-78,2,1,1,0
-55,0,3,1,0
-43,4,5,1,0
-56,11,2,1,0
-36,5,1,1,0
-84,2,2,1,0
-33,4,3,1,0
-61,5,4,1,0
-80,0,5,1,0
-58,2,3,1,0
-88,8,1,0,0
-85,3,1,0,0
-74,4,5,0,0
-86,1,1,0,0
-80,5,2,1,0
-75,1,3,1,0
-71,8,2,0,0
-79,8,3,0,1
-77,0,5,1,0
-46,3,3,1,0
-85,3,4,1,0
-84,5,5,0,0
-57,4,2,1,0
-52,0,1,1,0
-72,6,1,1,0
-94,3,3,0,0
-44,3,1,1,0
-70,3,4,1,0
-29,3,2,1,0
-59,2,4,0,0
-29,0,4,0,0
-83,2,1,1,0
-62,2,2,1,0
-61,0,1,1,0
-90,0,3,1,0
-86,2,2,1,0
-82,2,5,1,0
-39,1,3,0,0
-40,0,3,0,0
-70,2,2,1,0
-33,0,4,1,0
-61,1,4,1,0
-69,4,4,1,0
-61,0,3,0,0
-51,0,3,1,0
-59,0,2,1,0
-55,4,4,1,0
-45,3,3,1,0
-43,5,5,1,0
-38,2,2,1,0
-66,5,1,0,0
-39,3,3,1,0
-50,7,2,0,0
-46,2,5,1,0
-62,2,3,1,0
-79,4,4,1,0
-60,3,3,0,0
-49,2,3,0,0
-80,2,5,1,0
-73,4,4,1,1
-75,0,1,1,0
-78,7,1,1,0
-62,2,4,0,0
-81,5,2,1,0
-79,5,4,0,0
-55,6,1,1,0
-94,4,2,1,0
-50,6,3,1,0
-36,6,5,1,0
-84,3,4,0,0
-29,5,4,1,0
-92,2,2,1,0
-61,1,1,0,0
-94,7,1,1,0
-74,3,1,1,0
-67,2,1,1,0
-94,3,1,1,0
-65,2,2,1,0
-34,4,2,1,0
-73,8,1,1,1
-54,0,4,1,0
-39,1,5,1,0
-35,5,2,1,0
-93,4,2,1,0
-44,7,2,1,0
-28,1,3,0,0
-51,2,4,1,0
-76,5,2,1,0
-95,11,1,1,0
-73,9,2,0,0
-63,7,4,1,0
-58,4,2,0,0
-68,2,1,1,0
-83,2,1,1,0
-95,1,5,1,0
-95,5,4,1,0
-92,5,1,1,0
-57,5,2,1,0
-55,4,1,0,0
-41,4,5,1,0
-44,2,1,1,0
-44,4,3,1,0
-46,3,3,1,0
-58,2,5,1,0
-63,7,3,1,0
-40,3,4,1,0
-85,0,4,1,0
-94,3,5,1,0
-39,2,5,0,0
-69,2,3,0,0
-93,0,3,1,0
-59,2,4,1,0
-79,8,1,0,0
-68,2,5,0,0
-71,8,1,1,0
-89,11,4,1,0
-90,5,3,0,0
-44,7,2,0,0
-47,2,5,0,0
-53,9,5,1,0
-76,0,2,0,0
-30,1,3,1,0
-57,5,3,1,0
-95,7,5,0,0
-84,5,3,1,0
-70,7,4,0,0
-42,6,3,0,0
-46,6,3,1,0
-73,3,5,1,0
-73,2,5,1,0
-45,5,2,1,0
-90,6,3,0,0
-84,0,1,0,0
-31,7,2,0,0
-92,5,1,0,0
-27,1,4,1,0
-90,5,3,1,0
-65,5,2,1,0
-86,0,1,1,0
-69,5,2,0,0
-95,1,2,0,0
-87,0,4,1,0
-44,4,4,0,0
-88,7,4,1,0
-89,4,3,1,0
-33,0,5,1,0
-57,1,2,0,0
-42,6,1,1,0
-56,4,5,0,0
-26,6,4,1,0
-70,0,5,0,0
-35,5,3,1,0
-63,3,5,1,0
-90,9,2,1,0
-37,6,3,1,0
-93,3,3,0,0
-26,3,4,1,0
-27,3,4,1,0
-63,3,4,0,0
-48,4,2,1,0
-91,2,2,1,0
-49,6,4,0,0
-71,0,4,1,0
-45,8,4,0,0
-35,6,2,1,0
-69,6,5,1,0
-26,8,1,1,0
-48,3,2,1,0
-90,0,3,1,0
-60,5,1,0,0
-70,1,3,0,0
-56,3,3,0,0
-94,2,1,1,0
-42,0,2,1,0
-83,1,5,0,0
-92,3,2,0,0
-26,0,5,1,0
-86,6,1,0,0
-31,6,1,1,0
-67,5,1,1,0
-92,0,3,1,0
-85,3,2,0,0
-87,1,4,1,0
-81,7,3,1,0
-88,3,1,1,0
-29,2,5,0,0
-49,5,4,1,0
-76,4,3,0,0
-40,2,2,1,0
-82,9,1,0,0
-37,6,4,0,0
-71,1,2,0,0
-29,3,1,1,0
-34,5,2,0,0
-31,0,2,0,0
-38,5,5,0,0
-70,7,1,0,0
-82,3,3,0,0
-87,2,2,1,0
-77,4,1,0,0
-28,5,5,1,0
-49,1,1,1,0
-36,4,2,1,0
-43,3,5,0,0
-59,4,5,0,0
-71,3,4,0,0
-75,4,3,1,0
-69,2,1,1,0
-89,6,1,0,0
-53,4,3,0,0
-38,4,1,1,0
-41,1,1,1,0
-77,5,3,0,0
-88,0,3,1,0
-56,0,4,1,1
-66,3,2,1,0
-75,1,4,0,0
-93,5,4,1,0
-35,5,5,1,0
-74,2,5,1,0
-95,1,4,1,0
-71,2,1,0,0
-54,2,3,1,0
-55,0,5,1,0
-46,4,5,0,0
-67,3,3,1,0
-30,2,2,1,0
-74,2,3,1,0
-55,3,2,0,0
-57,2,5,0,0
-94,4,1,0,0
-44,0,2,1,0
-85,3,1,0,0
-31,5,1,1,0
-94,2,2,0,0
-44,3,2,0,0
-56,5,1,1,0
-61,7,5,1,0
-27,5,1,1,0
-26,2,5,1,0
-44,3,1,0,0
-82,4,3,1,0
-90,2,3,1,0
-88,0,5,1,0
-42,0,2,1,0
-74,0,1,0,0
-67,4,2,0,0
-90,4,5,0,0
-71,5,5,1,0
-95,4,2,0,0
-59,7,3,1,0
-48,5,2,1,0
-72,1,2,1,0
-95,3,2,0,0
-81,1,4,1,0
-26,3,1,1,0
-85,1,3,0,0
-29,0,2,0,0
-45,10,3,0,0
-38,3,5,0,0
-55,0,5,0,0
-46,2,1,1,0
-53,5,3,0,0
-57,1,2,0,0
-54,6,2,1,0
-53,4,5,0,0
-59,5,5,0,0
-50,2,5,1,0
-66,7,5,0,0
-54,5,4,0,0
-88,6,1,1,0
-95,0,3,0,0
-86,0,1,1,0
-52,4,1,1,0
-45,0,5,0,0
-81,2,3,1,0
-65,0,2,0,0
-45,2,1,0,0
-30,3,5,1,0
-60,6,4,1,0
-41,2,1,1,0
-54,2,5,1,0
-56,6,5,0,0
-62,4,1,0,0
-37,9,4,0,0
-81,0,4,0,0
-73,9,3,0,0
-62,2,2,0,0
-51,6,1,1,0
-61,7,5,1,0
-33,1,2,0,0
-79,5,4,0,0
-59,7,3,0,0
-50,0,3,1,0
-91,6,2,0,0
-43,6,2,0,0
-68,3,3,1,0
-74,2,4,0,0
-64,2,4,0,0
-74,5,5,0,0
-54,5,3,1,0
-57,4,3,0,0
-26,1,2,0,0
-61,6,5,1,0
-45,5,4,1,0
-41,1,5,0,0
-46,3,4,0,0
-45,9,5,1,0
-76,2,3,1,0
-66,4,5,1,0
-33,6,5,1,0
-50,1,3,0,0
-68,4,4,1,0
-30,3,1,0,0
-74,4,1,1,0
-85,4,1,1,0
-32,6,3,1,0
-84,2,1,1,0
-80,3,2,1,0
-39,6,2,1,0
-90,5,5,0,0
-60,0,2,1,0
-69,6,3,0,0
-71,9,5,1,0
-49,4,4,1,0
-48,6,4,1,0
-38,5,4,1,0
-82,3,1,0,0
-49,5,2,0,0
-64,4,4,1,0
-89,5,5,1,0
-28,5,2,1,0
-39,3,5,1,0
-59,5,5,1,0
-62,7,1,0,0
-80,9,2,1,0
-83,7,1,0,0
-51,3,4,0,0
-95,2,4,1,0
-70,5,5,1,0
-32,4,4,0,0
-93,5,1,1,0
-36,1,5,1,0
-38,1,1,1,0
-76,3,1,0,0
-78,2,2,0,0
-36,4,3,1,0
-55,5,4,0,0
-46,3,4,0,0
-26,5,2,0,0
-77,1,5,0,0
-32,4,1,0,0
-61,7,3,1,0
-29,2,3,1,0
-36,0,2,1,0
-86,4,2,1,0
-49,4,5,1,0
-77,0,5,1,0
-63,5,5,0,0
-83,2,1,1,0
-80,4,2,1,0
-72,6,5,1,0
-59,1,4,1,0
-78,7,2,0,0
-91,2,4,0,0
-95,4,1,0,0
-43,3,5,0,0
-59,1,2,1,0
-56,2,2,1,0
-85,2,4,1,0
-28,1,2,1,0
-29,3,1,1,0
-69,9,1,0,0
-69,2,1,1,0
-56,0,4,0,0
-50,0,4,1,0
-89,1,2,0,0
-91,6,5,1,0
-80,0,2,1,0
-31,6,1,1,0
-75,4,2,0,0
-37,2,5,0,0
-27,10,5,0,0
-95,4,3,1,0
-37,4,3,1,0
-80,5,5,0,0
-77,3,3,0,0
-33,4,4,1,0
-80,0,3,1,0
-84,5,4,1,1
-40,8,5,1,0
-51,8,5,1,0
-52,2,2,1,0
-81,1,3,0,0
-47,2,1,0,0
-57,4,2,1,0
-65,3,4,1,0
-78,3,5,1,0
-71,2,2,0,0
-57,4,5,1,0
-62,1,2,1,0
-59,3,5,1,0
-87,4,1,1,0
-77,6,1,0,0
-41,9,3,1,0
-79,2,4,0,0
-83,1,1,1,0
-43,3,1,1,0
-78,6,5,1,0
-52,3,1,1,0
-46,7,4,1,0
-65,7,4,1,0
-35,4,5,0,0
-52,2,2,0,0
-78,3,4,1,0
-56,4,4,1,0
-61,3,1,1,0
-29,2,2,0,0
-40,0,2,1,0
-84,5,2,0,0
-44,5,1,0,0
-53,6,2,1,0
-49,3,4,1,0
-66,4,1,0,0
-78,5,2,1,0
-88,7,4,1,0
-89,2,4,1,0
-43,0,2,1,0
-89,2,5,0,0
-70,2,3,1,0
-54,0,1,1,0
-91,0,3,0,0
-62,6,3,0,0
-46,3,3,1,0
-74,1,3,0,0
-81,2,5,0,0
-62,2,3,0,0
-43,5,3,0,0
-68,1,4,1,0
-26,1,3,1,0
-78,0,1,1,0
-68,0,4,0,0
-79,1,1,1,0
-51,3,4,1,0
-50,3,1,1,0
-40,4,1,1,0
-55,6,2,1,0
-45,3,4,0,0
-30,3,4,0,0
-43,3,4,0,0
-32,5,4,0,0
