prefix,vendor
DC:DA:0C,Samsung
F4:7D:EF,Samsung
50:01:D9,Samsung
8C:77:12,Samsung
E4:70:B8,Samsung
B4:79:A7,Samsung
78:47:1D,Samsung
A4:C1:38,Apple
AC:DE:48,Apple
FC:E9:98,Apple
3C:22:FB,Apple
88:66:A5,Apple
D0:D2:B0,Apple
7C:D1:C3,Apple
00:25:00,Apple
F0:18:98,Apple
64:A5:C3,Apple
DC:A9:04,Apple
F4:34:F0,Apple
14:98:77,Apple
20:A2:E4,Apple
28:E7:CF,Apple
34:08:BC,Apple
40:6C:8F,Apple
4C:32:75,Apple
58:55:CA,Apple
70:11:24,Apple
98:01:A7,Apple
B8:78:26,Apple
D8:96:95,Apple
F8:38:80,Apple
08:12:87,OnePlus
94:65:2D,OnePlus
2C:5B:B8,OnePlus
50:C0:F0,OnePlus
70:BF:92,OnePlus
74:A7:22,OnePlus
9C:2E:A1,OnePlus
B4:0B:44,OnePlus
C0:EE:FB,OnePlus
E0:DC:FF,OnePlus
08:59:5E,Realme
C4:F3:12,Realme
D8:13:99,Realme
E4:0E:EE,Realme
28:6C:07,Realme
3C:CD:57,Realme
64:CC:2E,Xiaomi
78:11:DC,Xiaomi
88:C3:97,Xiaomi
A4:C3:61,Xiaomi
AC:F7:F3,Xiaomi
C4:0B:D3,Xiaomi
D4:97:0B,Xiaomi
E4:46:DA,Xiaomi
F0:B4:29,Xiaomi
F8:A4:50,Xiaomi
34:80:0D,Xiaomi
50:64:2B,Xiaomi
7C:49:EB,Xiaomi
40:ED:98,boAt
70:2C:1F,boAt
60:55:F9,boAt
80:4E:81,boAt
C8:02:10,boAt
C8:FD:19,Noise
E8:4E:06,Noise
0C:8F:FF,Noise
20:F8:5E,Noise
00:1A:7D,Google
1C:53:F9,Google
3C:5A:37,Google
54:60:09,Google
70:BC:10,Google
94:EB:CD,Google
A4:77:33,Google
D8:3C:69,Google
E4:F0:42,Google
F8:8F:C2,Google
3C:5A:B4,Fitbit
C4:72:95,Fitbit
20:17:42,Fitbit
CC:C0:79,Fitbit
94:10:3E,Fitbit
00:1E:8C,Garmin
10:C6:FC,Garmin
14:C0:3E,Garmin
54:A0:50,Garmin
68:7D:B4,Garmin
A0:9E:1A,Garmin
C0:00:84,Garmin
00:18:82,Huawei
00:25:9E,Huawei
04:25:28,Huawei
10:C6:1F,Huawei
18:C5:8A,Huawei
20:0B:C7,Huawei
48:D2:24,Huawei
70:72:0D,Huawei
A4:BA:DB,Huawei
D8:49:0B,Huawei
00:01:4A,Sony
00:04:1F,Sony
00:13:E0,Sony
00:1D:BA,Sony
00:24:BE,Sony
04:76:6E,Sony
24:21:AB,Sony
30:75:12,Sony
54:42:49,Sony
70:9E:29,Sony
94:CE:2C,Sony
AC:9B:0A,Sony
CC:9E:00,Sony
F8:46:1C,Sony
00:1D:DF,JBL
00:26:5A,JBL
A8:13:74,JBL
B0:D5:9D,JBL
E0:EE:1B,JBL
70:66:55,JBL
00:0C:8A,Bose
04:52:C7,Bose
08:DF:1F,Bose
28:11:A5,Bose
60:AB:D2,Bose
A4:17:31,Bose
E8:EB:11,Bose
00:07:0E,Realtek
00:0A:CD,Realtek
00:18:E7,Realtek
00:50:FC,Realtek
00:E0:4C,Realtek
20:7C:8F,Realtek
44:33:4C,Realtek
54:EE:75,Realtek
74:56:3C,Realtek
88:D7:F6,Realtek
AC:E2:D3,Realtek
B8:85:84,Realtek
C8:5B:76,Realtek
E0:D5:5E,Realtek
EC:60:84,Realtek
00:03:7F,Qualcomm
00:0A:F5,Qualcomm
00:21:63,Qualcomm
00:A0:C6,Qualcomm
8C:FD:F0,Qualcomm
AC:C1:EE,Qualcomm
C0:41:F6,Qualcomm
E4:58:B8,Qualcomm
00:02:B3,Intel
00:03:47,Intel
00:04:23,Intel
00:0E:0C,Intel
00:13:02,Intel
00:15:00,Intel
00:1B:21,Intel
00:21:6A,Intel
34:13:E8,Intel
48:51:B7,Intel
68:05:CA,Intel
80:86:F2,Intel
A0:36:BC,Intel
DC:FB:48,Intel
00:12:5A,Microsoft
00:15:5D,Microsoft
00:17:FA,Microsoft
00:1D:D8,Microsoft
00:50:F2,Microsoft
28:18:78,Microsoft
70:B5:E8,Microsoft
DC:B4:C4,Microsoft
F4:39:09,Microsoft
F0:B4:D2,Amazon
44:65:0D,Amazon
74:C6:3B,Amazon
F0:27:2D,Amazon
68:54:FD,Amazon
A0:02:DC,Amazon
AC:63:BE,Amazon
50:F5:DA,Amazon
6C:56:97,Amazon
38:F7:3D,Amazon
78:E1:03,Amazon
84:D6:D0,Amazon
00:FC:8B,Amazon
34:D2:70,Amazon
B0:FC:0D,Amazon
18:74:2E,Amazon
B8:27:EB,Raspberry Pi
DC:A6:32,Raspberry Pi
E4:5F:01,Raspberry Pi
28:CD:C1,Raspberry Pi
D8:3A:DD,Raspberry Pi
2C:CF:67,Raspberry Pi
